ID,task,best,best_1,best_2,best_3,best_4,second_pref,third_pref,worst,brand,side_effects_1,price_1,side_effects_2,price_2,side_effects_3,price_3,side_effects_4,price_4,regular_user,university_educated,over_50,attitude_quality,attitude_quality_1,attitude_ingredients,attitude_ingredients_2,attitude_patent,attitude_patent_3,attitude_dominance,attitude_dominance_4
1,1,3,0,0,1,0,2,4,1,1,10,4.5,10,2.25,10,2.5,10,1.5,1,0,0,2,-0.741,3,-0.232,3,0.194,5,1.836
2,1,4,0,0,0,1,2,1,3,0,100,3.5,100,2.5,100,2.5,10,0.75,0,0,0,3,0.259,2,-1.232,5,2.194,3,-0.164
3,1,3,0,0,1,0,1,2,4,1,100,3.5,100,3.5,100,0.75,100,2.25,1,1,0,1,-1.741,5,1.768,1,-1.806,4,0.836
4,1,3,0,0,1,0,1,4,2,0,1,3,1,4.5,10,0.75,1000,2.5,1,1,0,4,1.259,3,-0.232,1,-1.806,2,-1.164
5,1,2,0,1,0,0,4,1,3,0,10,3,100,3,1000,2.5,100,0.75,0,0,0,4,1.259,2,-1.232,4,1.194,4,0.836
6,1,3,0,0,1,0,2,4,1,1,10,4.5,100,2.25,100,2.25,1000,0.75,0,0,0,4,1.259,2,-1.232,5,2.194,3,-0.164
7,1,1,1,0,0,0,2,3,4,1,10,3,10,3,1000,0.75,100,2.5,0,0,0,3,0.259,3,-0.232,4,1.194,3,-0.164
8,1,2,0,1,0,0,4,3,1,0,100,4.5,10,2.5,10,2.5,1000,2.25,1,0,1,3,0.259,3,-0.232,2,-0.806,5,1.836
9,1,1,1,0,0,0,2,4,3,1,100,2.25,100,4.5,100,2.25,10,1.5,0,0,0,3,0.259,3,-0.232,5,2.194,3,-0.164
10,1,3,0,0,1,0,4,2,1,1,100,2.25,1,2.25,1000,0.75,100,1.5,0,0,0,3,0.259,4,0.768,5,2.194,1,-2.164
11,1,1,1,0,0,0,4,3,2,0,100,2.5,1,4.5,1000,0.75,10,0.75,1,1,1,3,0.259,4,0.768,1,-1.806,5,1.836
12,1,2,0,1,0,0,1,3,4,0,1,3.5,100,3.5,100,1.5,1000,1.5,0,0,1,4,1.259,3,-0.232,4,1.194,1,-2.164
13,1,1,1,0,0,0,2,4,3,1,10,4.5,10,2.25,10,2.5,10,1.5,0,0,0,3,0.259,5,1.768,4,1.194,3,-0.164
14,1,4,0,0,0,1,3,1,2,0,100,3.5,100,2.5,100,2.5,10,0.75,0,0,0,3,0.259,3,-0.232,4,1.194,5,1.836
15,1,3,0,0,1,0,1,4,2,1,100,3.5,100,3.5,100,0.75,100,2.25,1,0,0,2,-0.741,5,1.768,1,-1.806,1,-2.164
16,1,3,0,0,1,0,1,4,2,0,1,3,1,4.5,10,0.75,1000,2.5,1,0,0,1,-1.741,5,1.768,1,-1.806,4,0.836
17,1,2,0,1,0,0,4,3,1,0,10,3,100,3,1000,2.5,100,0.75,0,0,1,4,1.259,2,-1.232,4,1.194,2,-1.164
18,1,3,0,0,1,0,2,4,1,1,10,4.5,100,2.25,100,2.25,1000,0.75,0,1,1,1,-1.741,5,1.768,5,2.194,3,-0.164
19,1,3,0,0,1,0,1,4,2,1,10,3,10,3,1000,0.75,100,2.5,0,1,1,2,-0.741,2,-1.232,1,-1.806,2,-1.164
20,1,1,1,0,0,0,2,4,3,0,100,4.5,10,2.5,10,2.5,1000,2.25,0,0,0,3,0.259,3,-0.232,3,0.194,3,-0.164
21,1,3,0,0,1,0,1,4,2,1,100,2.25,100,4.5,100,2.25,10,1.5,1,1,0,2,-0.741,5,1.768,2,-0.806,4,0.836
22,1,2,0,1,0,0,4,3,1,1,100,2.25,1,2.25,1000,0.75,100,1.5,0,1,0,3,0.259,5,1.768,1,-1.806,5,1.836
23,1,2,0,1,0,0,1,3,4,0,100,2.5,1,4.5,1000,0.75,10,0.75,0,0,1,5,2.259,2,-1.232,5,2.194,1,-2.164
24,1,2,0,1,0,0,1,4,3,0,1,3.5,100,3.5,100,1.5,1000,1.5,0,1,1,4,1.259,1,-2.232,5,2.194,3,-0.164
25,1,4,0,0,0,1,3,2,1,1,10,4.5,10,2.25,10,2.5,10,1.5,0,0,0,3,0.259,5,1.768,4,1.194,3,-0.164
26,1,2,0,1,0,0,1,4,3,0,100,3.5,100,2.5,100,2.5,10,0.75,0,0,1,4,1.259,4,0.768,5,2.194,2,-1.164
27,1,1,1,0,0,0,2,3,4,1,100,3.5,100,3.5,100,0.75,100,2.25,0,1,0,5,2.259,3,-0.232,4,1.194,1,-2.164
28,1,1,1,0,0,0,3,2,4,0,1,3,1,4.5,10,0.75,1000,2.5,1,0,0,4,1.259,2,-1.232,3,0.194,3,-0.164
29,1,2,0,1,0,0,4,3,1,0,10,3,100,3,1000,2.5,100,0.75,0,0,1,4,1.259,3,-0.232,3,0.194,3,-0.164
30,1,2,0,1,0,0,4,1,3,1,10,4.5,100,2.25,100,2.25,1000,0.75,0,0,1,5,2.259,3,-0.232,5,2.194,2,-1.164
31,1,1,1,0,0,0,2,4,3,1,10,3,10,3,1000,0.75,100,2.5,0,0,1,3,0.259,3,-0.232,4,1.194,1,-2.164
32,1,3,0,0,1,0,2,1,4,0,100,4.5,10,2.5,10,2.5,1000,2.25,1,1,0,2,-0.741,5,1.768,1,-1.806,4,0.836
33,1,1,1,0,0,0,4,3,2,1,100,2.25,100,4.5,100,2.25,10,1.5,1,1,0,2,-0.741,3,-0.232,2,-0.806,5,1.836
34,1,4,0,0,0,1,2,3,1,1,100,2.25,1,2.25,1000,0.75,100,1.5,0,0,1,3,0.259,3,-0.232,3,0.194,1,-2.164
35,1,1,1,0,0,0,3,4,2,0,100,2.5,1,4.5,1000,0.75,10,0.75,1,0,1,3,0.259,3,-0.232,2,-0.806,4,0.836
36,1,1,1,0,0,0,4,2,3,0,1,3.5,100,3.5,100,1.5,1000,1.5,0,1,1,3,0.259,3,-0.232,3,0.194,3,-0.164
37,1,2,0,1,0,0,4,3,1,1,10,4.5,10,2.25,10,2.5,10,1.5,0,0,1,3,0.259,2,-1.232,2,-0.806,2,-1.164
38,1,4,0,0,0,1,2,3,1,0,100,3.5,100,2.5,100,2.5,10,0.75,1,1,0,1,-1.741,5,1.768,1,-1.806,4,0.836
39,1,3,0,0,1,0,2,1,4,1,100,3.5,100,3.5,100,0.75,100,2.25,1,0,0,3,0.259,3,-0.232,2,-0.806,3,-0.164
40,1,1,1,0,0,0,3,2,4,0,1,3,1,4.5,10,0.75,1000,2.5,0,0,0,5,2.259,1,-2.232,3,0.194,3,-0.164
41,1,1,1,0,0,0,4,2,3,0,10,3,100,3,1000,2.5,100,0.75,0,0,1,4,1.259,4,0.768,3,0.194,5,1.836
42,1,2,0,1,0,0,4,3,1,1,10,4.5,100,2.25,100,2.25,1000,0.75,1,1,0,2,-0.741,5,1.768,3,0.194,5,1.836
43,1,1,1,0,0,0,2,4,3,1,10,3,10,3,1000,0.75,100,2.5,0,0,1,2,-0.741,3,-0.232,3,0.194,1,-2.164
44,1,2,0,1,0,0,3,1,4,0,100,4.5,10,2.5,10,2.5,1000,2.25,1,0,1,3,0.259,5,1.768,1,-1.806,4,0.836
45,1,4,0,0,0,1,3,2,1,1,100,2.25,100,4.5,100,2.25,10,1.5,1,1,0,2,-0.741,3,-0.232,1,-1.806,3,-0.164
46,1,4,0,0,0,1,2,3,1,1,100,2.25,1,2.25,1000,0.75,100,1.5,1,0,0,4,1.259,2,-1.232,3,0.194,1,-2.164
47,1,4,0,0,0,1,1,2,3,0,100,2.5,1,4.5,1000,0.75,10,0.75,0,0,0,3,0.259,3,-0.232,3,0.194,1,-2.164
48,1,3,0,0,1,0,2,1,4,0,1,3.5,100,3.5,100,1.5,1000,1.5,1,1,0,1,-1.741,5,1.768,3,0.194,3,-0.164
49,1,3,0,0,1,0,4,2,1,1,10,4.5,10,2.25,10,2.5,10,1.5,1,1,1,1,-1.741,5,1.768,1,-1.806,5,1.836
50,1,2,0,1,0,0,1,4,3,0,100,3.5,100,2.5,100,2.5,10,0.75,0,1,0,4,1.259,2,-1.232,4,1.194,2,-1.164
51,1,3,0,0,1,0,1,4,2,1,100,3.5,100,3.5,100,0.75,100,2.25,0,0,1,2,-0.741,4,0.768,3,0.194,4,0.836
52,1,3,0,0,1,0,4,1,2,0,1,3,1,4.5,10,0.75,1000,2.5,0,1,0,3,0.259,4,0.768,1,-1.806,3,-0.164
53,1,2,0,1,0,0,1,3,4,0,10,3,100,3,1000,2.5,100,0.75,0,1,1,2,-0.741,3,-0.232,2,-0.806,3,-0.164
54,1,2,0,1,0,0,3,1,4,1,10,4.5,100,2.25,100,2.25,1000,0.75,0,0,1,3,0.259,5,1.768,5,2.194,2,-1.164
55,1,1,1,0,0,0,2,3,4,1,10,3,10,3,1000,0.75,100,2.5,0,0,1,3,0.259,3,-0.232,1,-1.806,3,-0.164
56,1,2,0,1,0,0,1,3,4,0,100,4.5,10,2.5,10,2.5,1000,2.25,0,0,0,1,-1.741,5,1.768,2,-0.806,4,0.836
57,1,1,1,0,0,0,3,2,4,1,100,2.25,100,4.5,100,2.25,10,1.5,0,0,1,3,0.259,3,-0.232,3,0.194,3,-0.164
58,1,2,0,1,0,0,1,4,3,1,100,2.25,1,2.25,1000,0.75,100,1.5,0,0,0,3,0.259,4,0.768,4,1.194,4,0.836
59,1,1,1,0,0,0,2,3,4,0,100,2.5,1,4.5,1000,0.75,10,0.75,1,1,1,3,0.259,5,1.768,1,-1.806,3,-0.164
60,1,2,0,1,0,0,1,4,3,0,1,3.5,100,3.5,100,1.5,1000,1.5,0,0,0,4,1.259,2,-1.232,3,0.194,2,-1.164
61,1,2,0,1,0,0,4,3,1,1,10,4.5,10,2.25,10,2.5,10,1.5,1,0,1,1,-1.741,1,-2.232,5,2.194,2,-1.164
62,1,3,0,0,1,0,4,1,2,0,100,3.5,100,2.5,100,2.5,10,0.75,0,0,0,3,0.259,3,-0.232,3,0.194,1,-2.164
63,1,3,0,0,1,0,2,1,4,1,100,3.5,100,3.5,100,0.75,100,2.25,0,1,0,2,-0.741,3,-0.232,4,1.194,3,-0.164
64,1,2,0,1,0,0,1,4,3,0,1,3,1,4.5,10,0.75,1000,2.5,0,0,0,3,0.259,1,-2.232,5,2.194,4,0.836
65,1,2,0,1,0,0,1,4,3,0,10,3,100,3,1000,2.5,100,0.75,0,1,1,3,0.259,3,-0.232,3,0.194,2,-1.164
66,1,2,0,1,0,0,4,3,1,1,10,4.5,100,2.25,100,2.25,1000,0.75,0,1,0,3,0.259,5,1.768,1,-1.806,4,0.836
67,1,1,1,0,0,0,3,2,4,1,10,3,10,3,1000,0.75,100,2.5,0,0,0,1,-1.741,4,0.768,4,1.194,5,1.836
68,1,2,0,1,0,0,3,1,4,0,100,4.5,10,2.5,10,2.5,1000,2.25,1,0,1,2,-0.741,3,-0.232,5,2.194,3,-0.164
69,1,1,1,0,0,0,2,3,4,1,100,2.25,100,4.5,100,2.25,10,1.5,0,1,0,3,0.259,3,-0.232,2,-0.806,3,-0.164
70,1,4,0,0,0,1,1,2,3,1,100,2.25,1,2.25,1000,0.75,100,1.5,1,1,1,1,-1.741,4,0.768,4,1.194,3,-0.164
71,1,4,0,0,0,1,1,2,3,0,100,2.5,1,4.5,1000,0.75,10,0.75,0,0,1,3,0.259,3,-0.232,2,-0.806,3,-0.164
72,1,1,1,0,0,0,3,2,4,0,1,3.5,100,3.5,100,1.5,1000,1.5,0,1,0,1,-1.741,3,-0.232,1,-1.806,4,0.836
73,1,3,0,0,1,0,4,1,2,1,10,4.5,10,2.25,10,2.5,10,1.5,0,0,0,3,0.259,3,-0.232,5,2.194,2,-1.164
74,1,2,0,1,0,0,3,4,1,0,100,3.5,100,2.5,100,2.5,10,0.75,0,0,0,2,-0.741,4,0.768,3,0.194,3,-0.164
75,1,4,0,0,0,1,2,3,1,1,100,3.5,100,3.5,100,0.75,100,2.25,1,0,0,2,-0.741,4,0.768,1,-1.806,3,-0.164
76,1,3,0,0,1,0,1,2,4,0,1,3,1,4.5,10,0.75,1000,2.5,0,1,1,3,0.259,4,0.768,2,-0.806,4,0.836
77,1,2,0,1,0,0,3,1,4,0,10,3,100,3,1000,2.5,100,0.75,1,1,0,1,-1.741,3,-0.232,2,-0.806,3,-0.164
78,1,1,1,0,0,0,2,4,3,1,10,4.5,100,2.25,100,2.25,1000,0.75,1,0,0,5,2.259,4,0.768,3,0.194,3,-0.164
79,1,3,0,0,1,0,4,1,2,1,10,3,10,3,1000,0.75,100,2.5,0,1,1,3,0.259,5,1.768,1,-1.806,3,-0.164
80,1,2,0,1,0,0,1,4,3,0,100,4.5,10,2.5,10,2.5,1000,2.25,0,0,1,1,-1.741,3,-0.232,4,1.194,3,-0.164
81,1,1,1,0,0,0,3,4,2,1,100,2.25,100,4.5,100,2.25,10,1.5,0,1,1,3,0.259,3,-0.232,3,0.194,3,-0.164
82,1,1,1,0,0,0,2,4,3,1,100,2.25,1,2.25,1000,0.75,100,1.5,0,1,0,5,2.259,3,-0.232,5,2.194,3,-0.164
83,1,4,0,0,0,1,2,1,3,0,100,2.5,1,4.5,1000,0.75,10,0.75,1,1,1,3,0.259,2,-1.232,5,2.194,3,-0.164
84,1,2,0,1,0,0,3,1,4,0,1,3.5,100,3.5,100,1.5,1000,1.5,1,0,0,3,0.259,1,-2.232,1,-1.806,2,-1.164
85,1,3,0,0,1,0,4,1,2,1,10,4.5,10,2.25,10,2.5,10,1.5,0,0,0,4,1.259,5,1.768,4,1.194,3,-0.164
86,1,2,0,1,0,0,4,3,1,0,100,3.5,100,2.5,100,2.5,10,0.75,1,1,0,2,-0.741,5,1.768,3,0.194,2,-1.164
87,1,1,1,0,0,0,4,3,2,1,100,3.5,100,3.5,100,0.75,100,2.25,0,0,1,4,1.259,1,-2.232,5,2.194,3,-0.164
88,1,3,0,0,1,0,1,4,2,0,1,3,1,4.5,10,0.75,1000,2.5,0,1,0,4,1.259,2,-1.232,3,0.194,5,1.836
89,1,2,0,1,0,0,1,3,4,0,10,3,100,3,1000,2.5,100,0.75,0,1,0,1,-1.741,3,-0.232,2,-0.806,2,-1.164
90,1,2,0,1,0,0,1,4,3,1,10,4.5,100,2.25,100,2.25,1000,0.75,0,0,0,5,2.259,1,-2.232,4,1.194,2,-1.164
91,1,1,1,0,0,0,3,2,4,1,10,3,10,3,1000,0.75,100,2.5,1,0,0,5,2.259,5,1.768,1,-1.806,4,0.836
92,1,3,0,0,1,0,2,1,4,0,100,4.5,10,2.5,10,2.5,1000,2.25,0,0,0,5,2.259,4,0.768,4,1.194,4,0.836
93,1,1,1,0,0,0,3,4,2,1,100,2.25,100,4.5,100,2.25,10,1.5,0,0,1,2,-0.741,3,-0.232,4,1.194,3,-0.164
94,1,4,0,0,0,1,2,1,3,1,100,2.25,1,2.25,1000,0.75,100,1.5,1,1,0,2,-0.741,3,-0.232,4,1.194,3,-0.164
95,1,2,0,1,0,0,4,1,3,0,100,2.5,1,4.5,1000,0.75,10,0.75,0,0,0,3,0.259,5,1.768,3,0.194,3,-0.164
96,1,2,0,1,0,0,4,3,1,0,1,3.5,100,3.5,100,1.5,1000,1.5,0,0,0,3,0.259,3,-0.232,4,1.194,3,-0.164
97,1,2,0,1,0,0,4,1,3,1,10,4.5,10,2.25,10,2.5,10,1.5,0,0,1,4,1.259,1,-2.232,5,2.194,3,-0.164
98,1,2,0,1,0,0,4,1,3,0,100,3.5,100,2.5,100,2.5,10,0.75,0,0,1,2,-0.741,1,-2.232,3,0.194,3,-0.164
99,1,2,0,1,0,0,1,4,3,1,100,3.5,100,3.5,100,0.75,100,2.25,0,1,0,3,0.259,3,-0.232,2,-0.806,3,-0.164
100,1,3,0,0,1,0,4,2,1,0,1,3,1,4.5,10,0.75,1000,2.5,0,0,1,2,-0.741,1,-2.232,3,0.194,2,-1.164
101,1,2,0,1,0,0,4,1,3,0,10,3,100,3,1000,2.5,100,0.75,1,0,1,3,0.259,1,-2.232,3,0.194,3,-0.164
102,1,2,0,1,0,0,3,1,4,1,10,4.5,100,2.25,100,2.25,1000,0.75,0,1,1,4,1.259,5,1.768,3,0.194,3,-0.164
103,1,1,1,0,0,0,3,2,4,1,10,3,10,3,1000,0.75,100,2.5,0,0,0,5,2.259,1,-2.232,5,2.194,4,0.836
104,1,1,1,0,0,0,2,4,3,0,100,4.5,10,2.5,10,2.5,1000,2.25,1,0,1,4,1.259,3,-0.232,4,1.194,4,0.836
105,1,1,1,0,0,0,3,4,2,1,100,2.25,100,4.5,100,2.25,10,1.5,0,0,0,3,0.259,5,1.768,3,0.194,4,0.836
106,1,4,0,0,0,1,2,3,1,1,100,2.25,1,2.25,1000,0.75,100,1.5,0,1,0,1,-1.741,5,1.768,4,1.194,2,-1.164
107,1,1,1,0,0,0,2,4,3,0,100,2.5,1,4.5,1000,0.75,10,0.75,0,0,1,4,1.259,3,-0.232,3,0.194,3,-0.164
108,1,3,0,0,1,0,2,1,4,0,1,3.5,100,3.5,100,1.5,1000,1.5,1,0,0,1,-1.741,3,-0.232,3,0.194,4,0.836
109,1,2,0,1,0,0,4,1,3,1,10,4.5,10,2.25,10,2.5,10,1.5,0,1,0,2,-0.741,4,0.768,1,-1.806,5,1.836
110,1,2,0,1,0,0,1,3,4,0,100,3.5,100,2.5,100,2.5,10,0.75,0,1,1,1,-1.741,5,1.768,3,0.194,5,1.836
111,1,3,0,0,1,0,2,1,4,1,100,3.5,100,3.5,100,0.75,100,2.25,0,1,0,1,-1.741,4,0.768,2,-0.806,3,-0.164
112,1,4,0,0,0,1,3,2,1,0,1,3,1,4.5,10,0.75,1000,2.5,1,1,1,3,0.259,5,1.768,1,-1.806,5,1.836
113,1,2,0,1,0,0,4,3,1,0,10,3,100,3,1000,2.5,100,0.75,1,0,0,1,-1.741,4,0.768,1,-1.806,5,1.836
114,1,2,0,1,0,0,4,3,1,1,10,4.5,100,2.25,100,2.25,1000,0.75,0,1,0,4,1.259,3,-0.232,3,0.194,5,1.836
115,1,4,0,0,0,1,1,3,2,1,10,3,10,3,1000,0.75,100,2.5,0,0,0,3,0.259,5,1.768,2,-0.806,3,-0.164
116,1,2,0,1,0,0,1,3,4,0,100,4.5,10,2.5,10,2.5,1000,2.25,0,0,0,5,2.259,1,-2.232,4,1.194,3,-0.164
117,1,1,1,0,0,0,3,4,2,1,100,2.25,100,4.5,100,2.25,10,1.5,1,0,1,3,0.259,1,-2.232,3,0.194,3,-0.164
118,1,2,0,1,0,0,4,3,1,1,100,2.25,1,2.25,1000,0.75,100,1.5,0,1,0,3,0.259,2,-1.232,3,0.194,3,-0.164
119,1,2,0,1,0,0,1,3,4,0,100,2.5,1,4.5,1000,0.75,10,0.75,0,0,0,3,0.259,2,-1.232,3,0.194,1,-2.164
120,1,1,1,0,0,0,3,4,2,0,1,3.5,100,3.5,100,1.5,1000,1.5,1,0,0,3,0.259,5,1.768,2,-0.806,4,0.836
121,1,3,0,0,1,0,4,2,1,1,10,4.5,10,2.25,10,2.5,10,1.5,0,0,1,3,0.259,3,-0.232,2,-0.806,4,0.836
122,1,1,1,0,0,0,2,4,3,0,100,3.5,100,2.5,100,2.5,10,0.75,0,1,0,4,1.259,5,1.768,3,0.194,3,-0.164
123,1,3,0,0,1,0,1,2,4,1,100,3.5,100,3.5,100,0.75,100,2.25,1,0,1,3,0.259,3,-0.232,3,0.194,1,-2.164
124,1,3,0,0,1,0,2,4,1,0,1,3,1,4.5,10,0.75,1000,2.5,1,0,0,2,-0.741,3,-0.232,1,-1.806,5,1.836
125,1,2,0,1,0,0,1,4,3,0,10,3,100,3,1000,2.5,100,0.75,0,1,0,3,0.259,4,0.768,5,2.194,2,-1.164
126,1,1,1,0,0,0,2,4,3,1,10,4.5,100,2.25,100,2.25,1000,0.75,1,0,0,5,2.259,2,-1.232,1,-1.806,5,1.836
127,1,4,0,0,0,1,3,2,1,1,10,3,10,3,1000,0.75,100,2.5,1,0,0,5,2.259,5,1.768,1,-1.806,3,-0.164
128,1,2,0,1,0,0,3,4,1,0,100,4.5,10,2.5,10,2.5,1000,2.25,0,1,0,5,2.259,3,-0.232,4,1.194,3,-0.164
129,1,1,1,0,0,0,4,3,2,1,100,2.25,100,4.5,100,2.25,10,1.5,1,0,1,1,-1.741,4,0.768,3,0.194,3,-0.164
130,1,4,0,0,0,1,1,3,2,1,100,2.25,1,2.25,1000,0.75,100,1.5,0,0,0,1,-1.741,3,-0.232,2,-0.806,3,-0.164
131,1,3,0,0,1,0,4,2,1,0,100,2.5,1,4.5,1000,0.75,10,0.75,0,0,1,2,-0.741,4,0.768,2,-0.806,3,-0.164
132,1,3,0,0,1,0,1,2,4,0,1,3.5,100,3.5,100,1.5,1000,1.5,1,1,0,1,-1.741,5,1.768,2,-0.806,5,1.836
133,1,2,0,1,0,0,3,1,4,1,10,4.5,10,2.25,10,2.5,10,1.5,0,1,0,4,1.259,1,-2.232,4,1.194,3,-0.164
134,1,2,0,1,0,0,1,3,4,0,100,3.5,100,2.5,100,2.5,10,0.75,0,0,1,4,1.259,5,1.768,2,-0.806,2,-1.164
135,1,2,0,1,0,0,3,4,1,1,100,3.5,100,3.5,100,0.75,100,2.25,0,1,0,3,0.259,5,1.768,4,1.194,3,-0.164
136,1,1,1,0,0,0,4,3,2,0,1,3,1,4.5,10,0.75,1000,2.5,0,0,1,3,0.259,5,1.768,3,0.194,4,0.836
137,1,1,1,0,0,0,2,4,3,0,10,3,100,3,1000,2.5,100,0.75,1,1,0,2,-0.741,2,-1.232,2,-0.806,3,-0.164
138,1,4,0,0,0,1,2,1,3,1,10,4.5,100,2.25,100,2.25,1000,0.75,0,0,1,3,0.259,1,-2.232,4,1.194,3,-0.164
139,1,2,0,1,0,0,1,4,3,1,10,3,10,3,1000,0.75,100,2.5,1,0,0,4,1.259,3,-0.232,3,0.194,2,-1.164
140,1,2,0,1,0,0,1,4,3,0,100,4.5,10,2.5,10,2.5,1000,2.25,1,0,1,4,1.259,4,0.768,3,0.194,2,-1.164
141,1,1,1,0,0,0,3,2,4,1,100,2.25,100,4.5,100,2.25,10,1.5,0,0,0,3,0.259,3,-0.232,3,0.194,1,-2.164
142,1,1,1,0,0,0,2,3,4,1,100,2.25,1,2.25,1000,0.75,100,1.5,1,1,0,2,-0.741,2,-1.232,1,-1.806,3,-0.164
143,1,4,0,0,0,1,1,2,3,0,100,2.5,1,4.5,1000,0.75,10,0.75,0,1,0,1,-1.741,3,-0.232,1,-1.806,3,-0.164
144,1,1,1,0,0,0,3,4,2,0,1,3.5,100,3.5,100,1.5,1000,1.5,1,0,0,3,0.259,5,1.768,1,-1.806,3,-0.164
145,1,3,0,0,1,0,2,4,1,1,10,4.5,10,2.25,10,2.5,10,1.5,1,0,1,1,-1.741,4,0.768,1,-1.806,3,-0.164
146,1,4,0,0,0,1,3,2,1,0,100,3.5,100,2.5,100,2.5,10,0.75,1,1,0,1,-1.741,5,1.768,1,-1.806,4,0.836
147,1,2,0,1,0,0,1,3,4,1,100,3.5,100,3.5,100,0.75,100,2.25,0,0,0,3,0.259,3,-0.232,4,1.194,3,-0.164
148,1,1,1,0,0,0,2,3,4,0,1,3,1,4.5,10,0.75,1000,2.5,0,0,0,3,0.259,4,0.768,5,2.194,3,-0.164
149,1,2,0,1,0,0,1,4,3,0,10,3,100,3,1000,2.5,100,0.75,1,0,1,3,0.259,3,-0.232,4,1.194,2,-1.164
150,1,2,0,1,0,0,4,1,3,1,10,4.5,100,2.25,100,2.25,1000,0.75,0,1,0,1,-1.741,3,-0.232,1,-1.806,3,-0.164
151,1,4,0,0,0,1,1,2,3,1,10,3,10,3,1000,0.75,100,2.5,0,1,1,1,-1.741,3,-0.232,3,0.194,5,1.836
152,1,2,0,1,0,0,3,4,1,0,100,4.5,10,2.5,10,2.5,1000,2.25,0,1,0,3,0.259,1,-2.232,2,-0.806,1,-2.164
153,1,3,0,0,1,0,2,1,4,1,100,2.25,100,4.5,100,2.25,10,1.5,0,0,0,3,0.259,5,1.768,1,-1.806,4,0.836
154,1,4,0,0,0,1,2,1,3,1,100,2.25,1,2.25,1000,0.75,100,1.5,0,0,1,4,1.259,2,-1.232,3,0.194,5,1.836
155,1,1,1,0,0,0,2,3,4,0,100,2.5,1,4.5,1000,0.75,10,0.75,0,0,1,3,0.259,4,0.768,2,-0.806,3,-0.164
156,1,2,0,1,0,0,3,1,4,0,1,3.5,100,3.5,100,1.5,1000,1.5,1,0,1,3,0.259,4,0.768,1,-1.806,5,1.836
157,1,2,0,1,0,0,4,1,3,1,10,4.5,10,2.25,10,2.5,10,1.5,0,1,1,3,0.259,3,-0.232,3,0.194,4,0.836
158,1,3,0,0,1,0,4,2,1,0,100,3.5,100,2.5,100,2.5,10,0.75,1,1,1,1,-1.741,5,1.768,1,-1.806,2,-1.164
159,1,3,0,0,1,0,4,2,1,1,100,3.5,100,3.5,100,0.75,100,2.25,1,1,0,2,-0.741,5,1.768,3,0.194,3,-0.164
160,1,3,0,0,1,0,1,4,2,0,1,3,1,4.5,10,0.75,1000,2.5,0,0,1,3,0.259,4,0.768,3,0.194,1,-2.164
161,1,2,0,1,0,0,1,3,4,0,10,3,100,3,1000,2.5,100,0.75,0,0,1,3,0.259,1,-2.232,5,2.194,1,-2.164
162,1,2,0,1,0,0,3,4,1,1,10,4.5,100,2.25,100,2.25,1000,0.75,0,1,0,3,0.259,1,-2.232,5,2.194,3,-0.164
163,1,3,0,0,1,0,2,4,1,1,10,3,10,3,1000,0.75,100,2.5,0,1,0,1,-1.741,4,0.768,3,0.194,1,-2.164
164,1,1,1,0,0,0,2,4,3,0,100,4.5,10,2.5,10,2.5,1000,2.25,0,0,0,5,2.259,2,-1.232,5,2.194,2,-1.164
165,1,1,1,0,0,0,3,2,4,1,100,2.25,100,4.5,100,2.25,10,1.5,0,1,0,4,1.259,4,0.768,1,-1.806,4,0.836
166,1,4,0,0,0,1,2,3,1,1,100,2.25,1,2.25,1000,0.75,100,1.5,1,1,0,3,0.259,4,0.768,3,0.194,3,-0.164
167,1,4,0,0,0,1,3,1,2,0,100,2.5,1,4.5,1000,0.75,10,0.75,0,0,0,1,-1.741,3,-0.232,2,-0.806,4,0.836
168,1,3,0,0,1,0,4,2,1,0,1,3.5,100,3.5,100,1.5,1000,1.5,1,1,0,1,-1.741,4,0.768,5,2.194,2,-1.164
169,1,2,0,1,0,0,3,4,1,1,10,4.5,10,2.25,10,2.5,10,1.5,0,0,1,3,0.259,3,-0.232,3,0.194,1,-2.164
170,1,1,1,0,0,0,2,4,3,0,100,3.5,100,2.5,100,2.5,10,0.75,1,0,0,4,1.259,2,-1.232,3,0.194,3,-0.164
171,1,2,0,1,0,0,3,4,1,1,100,3.5,100,3.5,100,0.75,100,2.25,0,0,1,3,0.259,4,0.768,3,0.194,4,0.836
172,1,4,0,0,0,1,3,2,1,0,1,3,1,4.5,10,0.75,1000,2.5,0,1,1,3,0.259,5,1.768,3,0.194,3,-0.164
173,1,2,0,1,0,0,4,1,3,0,10,3,100,3,1000,2.5,100,0.75,0,0,0,4,1.259,1,-2.232,5,2.194,5,1.836
174,1,3,0,0,1,0,2,1,4,1,10,4.5,100,2.25,100,2.25,1000,0.75,0,0,0,1,-1.741,4,0.768,3,0.194,3,-0.164
175,1,1,1,0,0,0,3,4,2,1,10,3,10,3,1000,0.75,100,2.5,0,1,0,1,-1.741,5,1.768,2,-0.806,5,1.836
176,1,1,1,0,0,0,2,3,4,0,100,4.5,10,2.5,10,2.5,1000,2.25,0,0,0,3,0.259,2,-1.232,5,2.194,1,-2.164
177,1,3,0,0,1,0,4,1,2,1,100,2.25,100,4.5,100,2.25,10,1.5,1,1,0,1,-1.741,5,1.768,3,0.194,3,-0.164
178,1,4,0,0,0,1,1,3,2,1,100,2.25,1,2.25,1000,0.75,100,1.5,0,0,0,4,1.259,4,0.768,2,-0.806,3,-0.164
179,1,4,0,0,0,1,2,3,1,0,100,2.5,1,4.5,1000,0.75,10,0.75,0,1,0,2,-0.741,4,0.768,1,-1.806,5,1.836
180,1,1,1,0,0,0,3,2,4,0,1,3.5,100,3.5,100,1.5,1000,1.5,1,0,0,3,0.259,2,-1.232,1,-1.806,4,0.836
181,1,2,0,1,0,0,3,4,1,1,10,4.5,10,2.25,10,2.5,10,1.5,0,1,1,4,1.259,4,0.768,3,0.194,2,-1.164
182,1,2,0,1,0,0,1,4,3,0,100,3.5,100,2.5,100,2.5,10,0.75,0,0,0,3,0.259,3,-0.232,3,0.194,2,-1.164
183,1,1,1,0,0,0,2,3,4,1,100,3.5,100,3.5,100,0.75,100,2.25,0,1,1,2,-0.741,3,-0.232,3,0.194,3,-0.164
184,1,3,0,0,1,0,2,1,4,0,1,3,1,4.5,10,0.75,1000,2.5,0,1,1,1,-1.741,3,-0.232,1,-1.806,3,-0.164
185,1,1,1,0,0,0,2,4,3,0,10,3,100,3,1000,2.5,100,0.75,0,1,0,4,1.259,2,-1.232,3,0.194,3,-0.164
186,1,2,0,1,0,0,4,3,1,1,10,4.5,100,2.25,100,2.25,1000,0.75,1,0,1,3,0.259,5,1.768,3,0.194,1,-2.164
187,1,1,1,0,0,0,2,4,3,1,10,3,10,3,1000,0.75,100,2.5,1,0,1,3,0.259,3,-0.232,4,1.194,3,-0.164
188,1,2,0,1,0,0,1,3,4,0,100,4.5,10,2.5,10,2.5,1000,2.25,0,0,0,3,0.259,1,-2.232,5,2.194,3,-0.164
189,1,1,1,0,0,0,3,4,2,1,100,2.25,100,4.5,100,2.25,10,1.5,0,0,0,2,-0.741,5,1.768,2,-0.806,4,0.836
190,1,2,0,1,0,0,1,4,3,1,100,2.25,1,2.25,1000,0.75,100,1.5,0,1,0,1,-1.741,4,0.768,3,0.194,2,-1.164
191,1,4,0,0,0,1,1,2,3,0,100,2.5,1,4.5,1000,0.75,10,0.75,0,0,0,1,-1.741,5,1.768,2,-0.806,4,0.836
192,1,1,1,0,0,0,2,3,4,0,1,3.5,100,3.5,100,1.5,1000,1.5,1,0,0,3,0.259,3,-0.232,2,-0.806,1,-2.164
193,1,4,0,0,0,1,1,2,3,1,10,4.5,10,2.25,10,2.5,10,1.5,1,1,0,1,-1.741,5,1.768,1,-1.806,3,-0.164
194,1,2,0,1,0,0,1,4,3,0,100,3.5,100,2.5,100,2.5,10,0.75,0,0,1,5,2.259,2,-1.232,1,-1.806,3,-0.164
195,1,2,0,1,0,0,1,4,3,1,100,3.5,100,3.5,100,0.75,100,2.25,0,0,1,5,2.259,3,-0.232,5,2.194,3,-0.164
196,1,4,0,0,0,1,3,1,2,0,1,3,1,4.5,10,0.75,1000,2.5,0,0,0,2,-0.741,3,-0.232,1,-1.806,5,1.836
197,1,4,0,0,0,1,2,1,3,0,10,3,100,3,1000,2.5,100,0.75,0,0,0,3,0.259,3,-0.232,1,-1.806,4,0.836
198,1,3,0,0,1,0,2,1,4,1,10,4.5,100,2.25,100,2.25,1000,0.75,0,1,0,1,-1.741,5,1.768,1,-1.806,5,1.836
199,1,1,1,0,0,0,3,4,2,1,10,3,10,3,1000,0.75,100,2.5,0,0,1,5,2.259,2,-1.232,4,1.194,3,-0.164
200,1,1,1,0,0,0,2,3,4,0,100,4.5,10,2.5,10,2.5,1000,2.25,0,1,0,2,-0.741,3,-0.232,1,-1.806,2,-1.164
201,1,1,1,0,0,0,3,2,4,1,100,2.25,100,4.5,100,2.25,10,1.5,0,0,1,3,0.259,3,-0.232,3,0.194,3,-0.164
202,1,1,1,0,0,0,2,4,3,1,100,2.25,1,2.25,1000,0.75,100,1.5,1,1,0,3,0.259,4,0.768,3,0.194,5,1.836
203,1,4,0,0,0,1,3,1,2,0,100,2.5,1,4.5,1000,0.75,10,0.75,1,0,0,3,0.259,3,-0.232,5,2.194,3,-0.164
204,1,1,1,0,0,0,3,2,4,0,1,3.5,100,3.5,100,1.5,1000,1.5,0,1,0,3,0.259,2,-1.232,3,0.194,5,1.836
205,1,2,0,1,0,0,4,1,3,1,10,4.5,10,2.25,10,2.5,10,1.5,1,0,0,1,-1.741,3,-0.232,2,-0.806,5,1.836
206,1,4,0,0,0,1,3,2,1,0,100,3.5,100,2.5,100,2.5,10,0.75,0,1,0,1,-1.741,4,0.768,2,-0.806,2,-1.164
207,1,1,1,0,0,0,4,2,3,1,100,3.5,100,3.5,100,0.75,100,2.25,1,0,1,3,0.259,5,1.768,3,0.194,3,-0.164
208,1,2,0,1,0,0,1,3,4,0,1,3,1,4.5,10,0.75,1000,2.5,1,0,0,3,0.259,1,-2.232,1,-1.806,3,-0.164
209,1,2,0,1,0,0,1,4,3,0,10,3,100,3,1000,2.5,100,0.75,0,1,1,3,0.259,1,-2.232,3,0.194,3,-0.164
210,1,4,0,0,0,1,2,1,3,1,10,4.5,100,2.25,100,2.25,1000,0.75,0,0,0,2,-0.741,3,-0.232,3,0.194,3,-0.164
211,1,1,1,0,0,0,2,4,3,1,10,3,10,3,1000,0.75,100,2.5,0,0,1,3,0.259,2,-1.232,4,1.194,2,-1.164
212,1,2,0,1,0,0,3,4,1,0,100,4.5,10,2.5,10,2.5,1000,2.25,1,0,1,4,1.259,3,-0.232,5,2.194,3,-0.164
213,1,1,1,0,0,0,3,2,4,1,100,2.25,100,4.5,100,2.25,10,1.5,0,0,0,3,0.259,3,-0.232,3,0.194,1,-2.164
214,1,2,0,1,0,0,1,4,3,1,100,2.25,1,2.25,1000,0.75,100,1.5,1,1,1,3,0.259,3,-0.232,1,-1.806,4,0.836
215,1,4,0,0,0,1,1,3,2,0,100,2.5,1,4.5,1000,0.75,10,0.75,1,1,0,1,-1.741,4,0.768,1,-1.806,3,-0.164
216,1,1,1,0,0,0,3,2,4,0,1,3.5,100,3.5,100,1.5,1000,1.5,0,0,1,1,-1.741,1,-2.232,5,2.194,3,-0.164
217,1,1,1,0,0,0,4,2,3,1,10,4.5,10,2.25,10,2.5,10,1.5,1,0,1,3,0.259,4,0.768,2,-0.806,2,-1.164
218,1,2,0,1,0,0,4,3,1,0,100,3.5,100,2.5,100,2.5,10,0.75,1,0,1,4,1.259,2,-1.232,5,2.194,2,-1.164
219,1,1,1,0,0,0,3,4,2,1,100,3.5,100,3.5,100,0.75,100,2.25,0,0,0,3,0.259,3,-0.232,1,-1.806,1,-2.164
220,1,1,1,0,0,0,3,2,4,0,1,3,1,4.5,10,0.75,1000,2.5,0,0,0,4,1.259,3,-0.232,5,2.194,3,-0.164
221,1,2,0,1,0,0,3,1,4,0,10,3,100,3,1000,2.5,100,0.75,0,0,1,3,0.259,5,1.768,5,2.194,3,-0.164
222,1,2,0,1,0,0,4,3,1,1,10,4.5,100,2.25,100,2.25,1000,0.75,0,0,0,3,0.259,3,-0.232,3,0.194,4,0.836
223,1,1,1,0,0,0,2,3,4,1,10,3,10,3,1000,0.75,100,2.5,0,0,0,3,0.259,3,-0.232,3,0.194,5,1.836
224,1,2,0,1,0,0,1,4,3,0,100,4.5,10,2.5,10,2.5,1000,2.25,0,0,1,5,2.259,1,-2.232,5,2.194,3,-0.164
225,1,1,1,0,0,0,2,3,4,1,100,2.25,100,4.5,100,2.25,10,1.5,0,1,1,1,-1.741,1,-2.232,5,2.194,3,-0.164
226,1,2,0,1,0,0,3,1,4,1,100,2.25,1,2.25,1000,0.75,100,1.5,1,1,0,1,-1.741,5,1.768,2,-0.806,3,-0.164
227,1,1,1,0,0,0,4,2,3,0,100,2.5,1,4.5,1000,0.75,10,0.75,0,1,1,5,2.259,1,-2.232,5,2.194,1,-2.164
228,1,2,0,1,0,0,1,3,4,0,1,3.5,100,3.5,100,1.5,1000,1.5,1,0,0,2,-0.741,4,0.768,5,2.194,5,1.836
229,1,4,0,0,0,1,1,3,2,1,10,4.5,10,2.25,10,2.5,10,1.5,0,1,1,1,-1.741,3,-0.232,4,1.194,3,-0.164
230,1,2,0,1,0,0,1,4,3,0,100,3.5,100,2.5,100,2.5,10,0.75,0,0,0,3,0.259,3,-0.232,3,0.194,3,-0.164
231,1,3,0,0,1,0,1,2,4,1,100,3.5,100,3.5,100,0.75,100,2.25,1,0,0,3,0.259,3,-0.232,1,-1.806,1,-2.164
232,1,3,0,0,1,0,4,2,1,0,1,3,1,4.5,10,0.75,1000,2.5,1,0,0,2,-0.741,5,1.768,2,-0.806,3,-0.164
233,1,2,0,1,0,0,4,1,3,0,10,3,100,3,1000,2.5,100,0.75,0,0,1,2,-0.741,2,-1.232,1,-1.806,5,1.836
234,1,4,0,0,0,1,2,1,3,1,10,4.5,100,2.25,100,2.25,1000,0.75,1,1,0,2,-0.741,2,-1.232,3,0.194,2,-1.164
235,1,1,1,0,0,0,3,4,2,1,10,3,10,3,1000,0.75,100,2.5,0,0,1,1,-1.741,4,0.768,2,-0.806,2,-1.164
236,1,2,0,1,0,0,1,4,3,0,100,4.5,10,2.5,10,2.5,1000,2.25,0,0,0,3,0.259,3,-0.232,3,0.194,3,-0.164
237,1,1,1,0,0,0,3,4,2,1,100,2.25,100,4.5,100,2.25,10,1.5,0,1,0,3,0.259,3,-0.232,2,-0.806,1,-2.164
238,1,4,0,0,0,1,2,1,3,1,100,2.25,1,2.25,1000,0.75,100,1.5,0,1,0,2,-0.741,3,-0.232,2,-0.806,1,-2.164
239,1,4,0,0,0,1,1,3,2,0,100,2.5,1,4.5,1000,0.75,10,0.75,0,0,0,5,2.259,1,-2.232,4,1.194,2,-1.164
240,1,2,0,1,0,0,4,1,3,0,1,3.5,100,3.5,100,1.5,1000,1.5,0,1,0,3,0.259,3,-0.232,1,-1.806,3,-0.164
241,1,3,0,0,1,0,2,4,1,1,10,4.5,10,2.25,10,2.5,10,1.5,1,0,1,4,1.259,5,1.768,4,1.194,2,-1.164
242,1,2,0,1,0,0,3,1,4,0,100,3.5,100,2.5,100,2.5,10,0.75,1,0,0,4,1.259,1,-2.232,4,1.194,4,0.836
243,1,1,1,0,0,0,2,4,3,1,100,3.5,100,3.5,100,0.75,100,2.25,0,1,0,4,1.259,3,-0.232,3,0.194,4,0.836
244,1,3,0,0,1,0,2,4,1,0,1,3,1,4.5,10,0.75,1000,2.5,1,0,0,1,-1.741,4,0.768,3,0.194,3,-0.164
245,1,2,0,1,0,0,1,4,3,0,10,3,100,3,1000,2.5,100,0.75,1,0,0,5,2.259,1,-2.232,5,2.194,2,-1.164
246,1,2,0,1,0,0,1,4,3,1,10,4.5,100,2.25,100,2.25,1000,0.75,0,0,1,4,1.259,2,-1.232,5,2.194,1,-2.164
247,1,1,1,0,0,0,2,4,3,1,10,3,10,3,1000,0.75,100,2.5,0,1,1,3,0.259,5,1.768,3,0.194,3,-0.164
248,1,2,0,1,0,0,3,1,4,0,100,4.5,10,2.5,10,2.5,1000,2.25,1,1,0,1,-1.741,3,-0.232,3,0.194,3,-0.164
249,1,1,1,0,0,0,2,3,4,1,100,2.25,100,4.5,100,2.25,10,1.5,0,0,0,3,0.259,1,-2.232,5,2.194,3,-0.164
250,1,4,0,0,0,1,2,3,1,1,100,2.25,1,2.25,1000,0.75,100,1.5,1,0,1,5,2.259,1,-2.232,5,2.194,3,-0.164
251,1,2,0,1,0,0,1,4,3,0,100,2.5,1,4.5,1000,0.75,10,0.75,0,1,1,3,0.259,3,-0.232,1,-1.806,1,-2.164
252,1,2,0,1,0,0,1,3,4,0,1,3.5,100,3.5,100,1.5,1000,1.5,1,0,0,3,0.259,1,-2.232,4,1.194,2,-1.164
253,1,2,0,1,0,0,3,1,4,1,10,4.5,10,2.25,10,2.5,10,1.5,1,0,0,5,2.259,2,-1.232,2,-0.806,2,-1.164
254,1,4,0,0,0,1,2,3,1,0,100,3.5,100,2.5,100,2.5,10,0.75,0,1,0,2,-0.741,5,1.768,3,0.194,3,-0.164
255,1,1,1,0,0,0,3,4,2,1,100,3.5,100,3.5,100,0.75,100,2.25,0,1,0,1,-1.741,5,1.768,1,-1.806,3,-0.164
256,1,3,0,0,1,0,1,4,2,0,1,3,1,4.5,10,0.75,1000,2.5,0,1,1,3,0.259,3,-0.232,3,0.194,3,-0.164
257,1,2,0,1,0,0,1,4,3,0,10,3,100,3,1000,2.5,100,0.75,0,1,0,3,0.259,3,-0.232,3,0.194,2,-1.164
258,1,1,1,0,0,0,2,4,3,1,10,4.5,100,2.25,100,2.25,1000,0.75,1,1,0,1,-1.741,3,-0.232,1,-1.806,5,1.836
259,1,1,1,0,0,0,2,4,3,1,10,3,10,3,1000,0.75,100,2.5,1,0,0,3,0.259,3,-0.232,2,-0.806,3,-0.164
260,1,2,0,1,0,0,4,3,1,0,100,4.5,10,2.5,10,2.5,1000,2.25,1,0,1,1,-1.741,3,-0.232,2,-0.806,5,1.836
261,1,1,1,0,0,0,3,2,4,1,100,2.25,100,4.5,100,2.25,10,1.5,0,0,1,3,0.259,4,0.768,3,0.194,3,-0.164
262,1,2,0,1,0,0,1,3,4,1,100,2.25,1,2.25,1000,0.75,100,1.5,0,0,0,3,0.259,3,-0.232,4,1.194,3,-0.164
263,1,4,0,0,0,1,1,3,2,0,100,2.5,1,4.5,1000,0.75,10,0.75,0,0,0,4,1.259,3,-0.232,4,1.194,1,-2.164
264,1,2,0,1,0,0,1,3,4,0,1,3.5,100,3.5,100,1.5,1000,1.5,0,0,0,1,-1.741,3,-0.232,3,0.194,3,-0.164
265,1,4,0,0,0,1,2,3,1,1,10,4.5,10,2.25,10,2.5,10,1.5,1,1,0,2,-0.741,4,0.768,1,-1.806,5,1.836
266,1,1,1,0,0,0,2,4,3,0,100,3.5,100,2.5,100,2.5,10,0.75,0,0,1,1,-1.741,3,-0.232,5,2.194,3,-0.164
267,1,2,0,1,0,0,1,3,4,1,100,3.5,100,3.5,100,0.75,100,2.25,0,0,0,5,2.259,1,-2.232,3,0.194,2,-1.164
268,1,3,0,0,1,0,1,2,4,0,1,3,1,4.5,10,0.75,1000,2.5,0,0,1,5,2.259,1,-2.232,4,1.194,2,-1.164
269,1,2,0,1,0,0,1,3,4,0,10,3,100,3,1000,2.5,100,0.75,0,0,0,3,0.259,3,-0.232,3,0.194,4,0.836
270,1,2,0,1,0,0,3,4,1,1,10,4.5,100,2.25,100,2.25,1000,0.75,1,0,1,3,0.259,3,-0.232,1,-1.806,3,-0.164
271,1,3,0,0,1,0,2,4,1,1,10,3,10,3,1000,0.75,100,2.5,1,1,1,3,0.259,5,1.768,3,0.194,3,-0.164
272,1,2,0,1,0,0,1,3,4,0,100,4.5,10,2.5,10,2.5,1000,2.25,1,0,1,3,0.259,4,0.768,1,-1.806,1,-2.164
273,1,1,1,0,0,0,3,2,4,1,100,2.25,100,4.5,100,2.25,10,1.5,0,0,0,1,-1.741,3,-0.232,3,0.194,3,-0.164
274,1,4,0,0,0,1,2,1,3,1,100,2.25,1,2.25,1000,0.75,100,1.5,1,0,1,3,0.259,3,-0.232,3,0.194,3,-0.164
275,1,1,1,0,0,0,4,3,2,0,100,2.5,1,4.5,1000,0.75,10,0.75,1,0,0,1,-1.741,3,-0.232,1,-1.806,3,-0.164
276,1,2,0,1,0,0,1,3,4,0,1,3.5,100,3.5,100,1.5,1000,1.5,0,0,1,5,2.259,2,-1.232,5,2.194,4,0.836
277,1,3,0,0,1,0,2,1,4,1,10,4.5,10,2.25,10,2.5,10,1.5,1,0,1,1,-1.741,4,0.768,1,-1.806,3,-0.164
278,1,2,0,1,0,0,3,4,1,0,100,3.5,100,2.5,100,2.5,10,0.75,1,1,0,1,-1.741,4,0.768,5,2.194,3,-0.164
279,1,2,0,1,0,0,3,4,1,1,100,3.5,100,3.5,100,0.75,100,2.25,1,0,0,3,0.259,3,-0.232,2,-0.806,3,-0.164
280,1,3,0,0,1,0,2,1,4,0,1,3,1,4.5,10,0.75,1000,2.5,1,0,0,1,-1.741,3,-0.232,3,0.194,4,0.836
281,1,2,0,1,0,0,1,4,3,0,10,3,100,3,1000,2.5,100,0.75,0,0,0,5,2.259,4,0.768,3,0.194,3,-0.164
282,1,4,0,0,0,1,2,1,3,1,10,4.5,100,2.25,100,2.25,1000,0.75,0,1,0,1,-1.741,5,1.768,1,-1.806,3,-0.164
283,1,1,1,0,0,0,4,3,2,1,10,3,10,3,1000,0.75,100,2.5,0,0,1,5,2.259,5,1.768,3,0.194,4,0.836
284,1,2,0,1,0,0,3,1,4,0,100,4.5,10,2.5,10,2.5,1000,2.25,0,1,1,3,0.259,5,1.768,3,0.194,3,-0.164
285,1,1,1,0,0,0,3,4,2,1,100,2.25,100,4.5,100,2.25,10,1.5,0,0,0,2,-0.741,5,1.768,3,0.194,3,-0.164
286,1,2,0,1,0,0,4,1,3,1,100,2.25,1,2.25,1000,0.75,100,1.5,1,0,0,1,-1.741,1,-2.232,3,0.194,4,0.836
287,1,2,0,1,0,0,4,3,1,0,100,2.5,1,4.5,1000,0.75,10,0.75,0,1,0,1,-1.741,2,-1.232,1,-1.806,3,-0.164
288,1,4,0,0,0,1,3,2,1,0,1,3.5,100,3.5,100,1.5,1000,1.5,1,0,0,3,0.259,1,-2.232,4,1.194,4,0.836
289,1,4,0,0,0,1,2,1,3,1,10,4.5,10,2.25,10,2.5,10,1.5,0,0,0,4,1.259,4,0.768,1,-1.806,3,-0.164
290,1,4,0,0,0,1,3,2,1,0,100,3.5,100,2.5,100,2.5,10,0.75,0,0,1,3,0.259,3,-0.232,3,0.194,1,-2.164
291,1,3,0,0,1,0,1,2,4,1,100,3.5,100,3.5,100,0.75,100,2.25,0,0,1,3,0.259,2,-1.232,5,2.194,2,-1.164
292,1,3,0,0,1,0,2,1,4,0,1,3,1,4.5,10,0.75,1000,2.5,1,0,0,3,0.259,3,-0.232,5,2.194,1,-2.164
293,1,2,0,1,0,0,3,1,4,0,10,3,100,3,1000,2.5,100,0.75,0,1,0,1,-1.741,3,-0.232,4,1.194,4,0.836
294,1,2,0,1,0,0,3,4,1,1,10,4.5,100,2.25,100,2.25,1000,0.75,1,1,0,1,-1.741,5,1.768,3,0.194,3,-0.164
295,1,2,0,1,0,0,1,4,3,1,10,3,10,3,1000,0.75,100,2.5,0,0,0,1,-1.741,2,-1.232,2,-0.806,1,-2.164
296,1,2,0,1,0,0,3,1,4,0,100,4.5,10,2.5,10,2.5,1000,2.25,0,1,0,2,-0.741,2,-1.232,5,2.194,3,-0.164
297,1,1,1,0,0,0,2,4,3,1,100,2.25,100,4.5,100,2.25,10,1.5,0,0,0,5,2.259,3,-0.232,5,2.194,3,-0.164
298,1,1,1,0,0,0,4,2,3,1,100,2.25,1,2.25,1000,0.75,100,1.5,0,1,0,4,1.259,1,-2.232,5,2.194,2,-1.164
299,1,4,0,0,0,1,1,3,2,0,100,2.5,1,4.5,1000,0.75,10,0.75,1,1,1,3,0.259,3,-0.232,2,-0.806,3,-0.164
300,1,2,0,1,0,0,3,1,4,0,1,3.5,100,3.5,100,1.5,1000,1.5,0,1,0,3,0.259,4,0.768,2,-0.806,5,1.836
301,1,3,0,0,1,0,1,2,4,1,10,4.5,10,2.25,10,2.5,10,1.5,0,0,1,3,0.259,3,-0.232,3,0.194,3,-0.164
302,1,1,1,0,0,0,3,2,4,0,100,3.5,100,2.5,100,2.5,10,0.75,0,0,1,3,0.259,1,-2.232,4,1.194,1,-2.164
303,1,1,1,0,0,0,2,3,4,1,100,3.5,100,3.5,100,0.75,100,2.25,0,1,1,4,1.259,3,-0.232,5,2.194,3,-0.164
304,1,3,0,0,1,0,2,1,4,0,1,3,1,4.5,10,0.75,1000,2.5,0,1,0,3,0.259,3,-0.232,3,0.194,5,1.836
305,1,2,0,1,0,0,4,3,1,0,10,3,100,3,1000,2.5,100,0.75,0,0,0,2,-0.741,3,-0.232,3,0.194,3,-0.164
306,1,2,0,1,0,0,4,1,3,1,10,4.5,100,2.25,100,2.25,1000,0.75,1,1,0,3,0.259,4,0.768,1,-1.806,4,0.836
307,1,1,1,0,0,0,2,4,3,1,10,3,10,3,1000,0.75,100,2.5,0,1,1,2,-0.741,3,-0.232,1,-1.806,3,-0.164
308,1,2,0,1,0,0,3,4,1,0,100,4.5,10,2.5,10,2.5,1000,2.25,0,1,0,3,0.259,5,1.768,2,-0.806,5,1.836
309,1,1,1,0,0,0,2,3,4,1,100,2.25,100,4.5,100,2.25,10,1.5,0,1,0,3,0.259,3,-0.232,3,0.194,3,-0.164
310,1,2,0,1,0,0,1,4,3,1,100,2.25,1,2.25,1000,0.75,100,1.5,1,0,1,3,0.259,2,-1.232,3,0.194,2,-1.164
311,1,3,0,0,1,0,4,1,2,0,100,2.5,1,4.5,1000,0.75,10,0.75,0,0,0,3,0.259,2,-1.232,3,0.194,3,-0.164
312,1,1,1,0,0,0,2,3,4,0,1,3.5,100,3.5,100,1.5,1000,1.5,0,0,0,4,1.259,1,-2.232,1,-1.806,3,-0.164
313,1,2,0,1,0,0,3,1,4,1,10,4.5,10,2.25,10,2.5,10,1.5,1,0,1,3,0.259,3,-0.232,5,2.194,3,-0.164
314,1,2,0,1,0,0,1,3,4,0,100,3.5,100,2.5,100,2.5,10,0.75,0,0,1,2,-0.741,3,-0.232,2,-0.806,3,-0.164
315,1,3,0,0,1,0,1,4,2,1,100,3.5,100,3.5,100,0.75,100,2.25,1,0,0,3,0.259,3,-0.232,3,0.194,5,1.836
316,1,1,1,0,0,0,3,4,2,0,1,3,1,4.5,10,0.75,1000,2.5,0,1,0,3,0.259,2,-1.232,3,0.194,4,0.836
317,1,1,1,0,0,0,2,3,4,0,10,3,100,3,1000,2.5,100,0.75,1,0,0,2,-0.741,5,1.768,5,2.194,3,-0.164
318,1,4,0,0,0,1,2,3,1,1,10,4.5,100,2.25,100,2.25,1000,0.75,1,0,0,3,0.259,5,1.768,2,-0.806,2,-1.164
319,1,4,0,0,0,1,3,2,1,1,10,3,10,3,1000,0.75,100,2.5,0,1,0,3,0.259,3,-0.232,4,1.194,3,-0.164
320,1,2,0,1,0,0,1,4,3,0,100,4.5,10,2.5,10,2.5,1000,2.25,0,0,0,1,-1.741,3,-0.232,4,1.194,3,-0.164
321,1,1,1,0,0,0,3,4,2,1,100,2.25,100,4.5,100,2.25,10,1.5,0,0,1,5,2.259,3,-0.232,5,2.194,1,-2.164
322,1,1,1,0,0,0,2,4,3,1,100,2.25,1,2.25,1000,0.75,100,1.5,1,1,0,3,0.259,2,-1.232,3,0.194,3,-0.164
323,1,2,0,1,0,0,4,1,3,0,100,2.5,1,4.5,1000,0.75,10,0.75,0,0,1,1,-1.741,3,-0.232,3,0.194,3,-0.164
324,1,3,0,0,1,0,1,2,4,0,1,3.5,100,3.5,100,1.5,1000,1.5,1,1,1,3,0.259,5,1.768,5,2.194,4,0.836
325,1,3,0,0,1,0,2,1,4,1,10,4.5,10,2.25,10,2.5,10,1.5,1,0,0,3,0.259,4,0.768,2,-0.806,3,-0.164
326,1,4,0,0,0,1,1,2,3,0,100,3.5,100,2.5,100,2.5,10,0.75,0,0,1,1,-1.741,5,1.768,2,-0.806,2,-1.164
327,1,2,0,1,0,0,3,4,1,1,100,3.5,100,3.5,100,0.75,100,2.25,0,1,0,1,-1.741,3,-0.232,3,0.194,3,-0.164
328,1,1,1,0,0,0,3,4,2,0,1,3,1,4.5,10,0.75,1000,2.5,0,1,0,5,2.259,3,-0.232,1,-1.806,5,1.836
329,1,2,0,1,0,0,3,4,1,0,10,3,100,3,1000,2.5,100,0.75,0,0,1,3,0.259,5,1.768,4,1.194,3,-0.164
330,1,2,0,1,0,0,4,3,1,1,10,4.5,100,2.25,100,2.25,1000,0.75,1,0,0,3,0.259,3,-0.232,2,-0.806,3,-0.164
331,1,1,1,0,0,0,2,4,3,1,10,3,10,3,1000,0.75,100,2.5,1,1,0,2,-0.741,3,-0.232,2,-0.806,5,1.836
332,1,2,0,1,0,0,3,1,4,0,100,4.5,10,2.5,10,2.5,1000,2.25,0,1,0,2,-0.741,5,1.768,1,-1.806,2,-1.164
333,1,1,1,0,0,0,3,4,2,1,100,2.25,100,4.5,100,2.25,10,1.5,0,0,0,3,0.259,3,-0.232,3,0.194,3,-0.164
334,1,2,0,1,0,0,3,4,1,1,100,2.25,1,2.25,1000,0.75,100,1.5,1,0,0,1,-1.741,5,1.768,1,-1.806,5,1.836
335,1,2,0,1,0,0,4,1,3,0,100,2.5,1,4.5,1000,0.75,10,0.75,0,0,0,1,-1.741,3,-0.232,2,-0.806,5,1.836
336,1,4,0,0,0,1,1,3,2,0,1,3.5,100,3.5,100,1.5,1000,1.5,1,0,0,1,-1.741,3,-0.232,2,-0.806,5,1.836
337,1,1,1,0,0,0,2,4,3,1,10,4.5,10,2.25,10,2.5,10,1.5,1,0,0,2,-0.741,1,-2.232,1,-1.806,2,-1.164
338,1,1,1,0,0,0,4,2,3,0,100,3.5,100,2.5,100,2.5,10,0.75,0,0,1,4,1.259,3,-0.232,3,0.194,4,0.836
339,1,2,0,1,0,0,1,4,3,1,100,3.5,100,3.5,100,0.75,100,2.25,0,0,1,3,0.259,2,-1.232,3,0.194,1,-2.164
340,1,1,1,0,0,0,3,2,4,0,1,3,1,4.5,10,0.75,1000,2.5,0,1,0,2,-0.741,4,0.768,5,2.194,1,-2.164
341,1,2,0,1,0,0,4,3,1,0,10,3,100,3,1000,2.5,100,0.75,0,0,1,3,0.259,3,-0.232,4,1.194,3,-0.164
342,1,2,0,1,0,0,1,4,3,1,10,4.5,100,2.25,100,2.25,1000,0.75,0,1,0,2,-0.741,4,0.768,3,0.194,5,1.836
343,1,1,1,0,0,0,2,4,3,1,10,3,10,3,1000,0.75,100,2.5,1,1,0,1,-1.741,4,0.768,1,-1.806,2,-1.164
344,1,2,0,1,0,0,3,4,1,0,100,4.5,10,2.5,10,2.5,1000,2.25,1,0,1,1,-1.741,2,-1.232,1,-1.806,4,0.836
345,1,4,0,0,0,1,1,3,2,1,100,2.25,100,4.5,100,2.25,10,1.5,1,0,0,3,0.259,5,1.768,3,0.194,5,1.836
346,1,2,0,1,0,0,1,4,3,1,100,2.25,1,2.25,1000,0.75,100,1.5,0,0,0,1,-1.741,4,0.768,3,0.194,5,1.836
347,1,4,0,0,0,1,2,1,3,0,100,2.5,1,4.5,1000,0.75,10,0.75,1,0,1,1,-1.741,5,1.768,3,0.194,4,0.836
348,1,2,0,1,0,0,3,1,4,0,1,3.5,100,3.5,100,1.5,1000,1.5,0,0,0,3,0.259,3,-0.232,1,-1.806,4,0.836
349,1,4,0,0,0,1,2,3,1,1,10,4.5,10,2.25,10,2.5,10,1.5,0,1,0,4,1.259,3,-0.232,3,0.194,3,-0.164
350,1,2,0,1,0,0,1,3,4,0,100,3.5,100,2.5,100,2.5,10,0.75,0,0,0,3,0.259,4,0.768,2,-0.806,3,-0.164
351,1,1,1,0,0,0,4,2,3,1,100,3.5,100,3.5,100,0.75,100,2.25,0,0,0,1,-1.741,4,0.768,3,0.194,3,-0.164
352,1,1,1,0,0,0,2,3,4,0,1,3,1,4.5,10,0.75,1000,2.5,0,0,1,2,-0.741,2,-1.232,1,-1.806,3,-0.164
353,1,2,0,1,0,0,1,4,3,0,10,3,100,3,1000,2.5,100,0.75,0,0,0,3,0.259,1,-2.232,1,-1.806,3,-0.164
354,1,3,0,0,1,0,2,4,1,1,10,4.5,100,2.25,100,2.25,1000,0.75,1,0,0,4,1.259,3,-0.232,3,0.194,4,0.836
355,1,1,1,0,0,0,2,4,3,1,10,3,10,3,1000,0.75,100,2.5,0,0,0,3,0.259,3,-0.232,2,-0.806,2,-1.164
356,1,2,0,1,0,0,3,1,4,0,100,4.5,10,2.5,10,2.5,1000,2.25,0,0,0,3,0.259,4,0.768,2,-0.806,2,-1.164
357,1,4,0,0,0,1,3,2,1,1,100,2.25,100,4.5,100,2.25,10,1.5,0,1,1,3,0.259,5,1.768,3,0.194,3,-0.164
358,1,2,0,1,0,0,1,4,3,1,100,2.25,1,2.25,1000,0.75,100,1.5,0,0,1,2,-0.741,2,-1.232,3,0.194,3,-0.164
359,1,4,0,0,0,1,1,2,3,0,100,2.5,1,4.5,1000,0.75,10,0.75,0,0,0,2,-0.741,5,1.768,2,-0.806,5,1.836
360,1,3,0,0,1,0,2,1,4,0,1,3.5,100,3.5,100,1.5,1000,1.5,0,1,0,2,-0.741,5,1.768,1,-1.806,5,1.836
361,1,3,0,0,1,0,2,4,1,1,10,4.5,10,2.25,10,2.5,10,1.5,1,1,1,1,-1.741,5,1.768,1,-1.806,3,-0.164
362,1,3,0,0,1,0,4,1,2,0,100,3.5,100,2.5,100,2.5,10,0.75,0,1,1,2,-0.741,2,-1.232,1,-1.806,3,-0.164
363,1,1,1,0,0,0,2,3,4,1,100,3.5,100,3.5,100,0.75,100,2.25,0,1,1,4,1.259,1,-2.232,5,2.194,1,-2.164
364,1,2,0,1,0,0,3,1,4,0,1,3,1,4.5,10,0.75,1000,2.5,0,0,0,2,-0.741,3,-0.232,5,2.194,2,-1.164
365,1,1,1,0,0,0,4,2,3,0,10,3,100,3,1000,2.5,100,0.75,1,0,1,1,-1.741,5,1.768,1,-1.806,4,0.836
366,1,2,0,1,0,0,1,4,3,1,10,4.5,100,2.25,100,2.25,1000,0.75,0,1,1,5,2.259,4,0.768,3,0.194,1,-2.164
367,1,1,1,0,0,0,4,3,2,1,10,3,10,3,1000,0.75,100,2.5,1,0,0,3,0.259,4,0.768,2,-0.806,3,-0.164
368,1,2,0,1,0,0,1,3,4,0,100,4.5,10,2.5,10,2.5,1000,2.25,1,1,0,2,-0.741,5,1.768,2,-0.806,5,1.836
369,1,1,1,0,0,0,4,3,2,1,100,2.25,100,4.5,100,2.25,10,1.5,1,1,1,2,-0.741,3,-0.232,4,1.194,3,-0.164
370,1,2,0,1,0,0,1,4,3,1,100,2.25,1,2.25,1000,0.75,100,1.5,0,0,1,4,1.259,1,-2.232,2,-0.806,1,-2.164
371,1,4,0,0,0,1,1,3,2,0,100,2.5,1,4.5,1000,0.75,10,0.75,1,0,0,2,-0.741,5,1.768,2,-0.806,3,-0.164
372,1,2,0,1,0,0,1,3,4,0,1,3.5,100,3.5,100,1.5,1000,1.5,0,0,0,4,1.259,3,-0.232,3,0.194,5,1.836
373,1,3,0,0,1,0,4,2,1,1,10,4.5,10,2.25,10,2.5,10,1.5,0,1,0,1,-1.741,3,-0.232,1,-1.806,3,-0.164
374,1,4,0,0,0,1,2,3,1,0,100,3.5,100,2.5,100,2.5,10,0.75,0,0,0,3,0.259,4,0.768,3,0.194,5,1.836
375,1,4,0,0,0,1,3,2,1,1,100,3.5,100,3.5,100,0.75,100,2.25,0,1,1,3,0.259,2,-1.232,3,0.194,1,-2.164
376,1,4,0,0,0,1,3,1,2,0,1,3,1,4.5,10,0.75,1000,2.5,0,1,0,1,-1.741,1,-2.232,1,-1.806,4,0.836
377,1,2,0,1,0,0,1,4,3,0,10,3,100,3,1000,2.5,100,0.75,0,0,0,4,1.259,4,0.768,1,-1.806,3,-0.164
378,1,2,0,1,0,0,4,3,1,1,10,4.5,100,2.25,100,2.25,1000,0.75,1,0,0,3,0.259,5,1.768,3,0.194,3,-0.164
379,1,1,1,0,0,0,2,4,3,1,10,3,10,3,1000,0.75,100,2.5,1,0,1,5,2.259,5,1.768,1,-1.806,3,-0.164
380,1,1,1,0,0,0,2,4,3,0,100,4.5,10,2.5,10,2.5,1000,2.25,0,0,1,3,0.259,5,1.768,3,0.194,2,-1.164
381,1,4,0,0,0,1,1,3,2,1,100,2.25,100,4.5,100,2.25,10,1.5,0,1,0,1,-1.741,3,-0.232,1,-1.806,2,-1.164
382,1,2,0,1,0,0,1,3,4,1,100,2.25,1,2.25,1000,0.75,100,1.5,0,0,1,3,0.259,1,-2.232,5,2.194,2,-1.164
383,1,4,0,0,0,1,1,2,3,0,100,2.5,1,4.5,1000,0.75,10,0.75,0,1,1,3,0.259,2,-1.232,3,0.194,1,-2.164
384,1,2,0,1,0,0,3,1,4,0,1,3.5,100,3.5,100,1.5,1000,1.5,0,0,0,3,0.259,4,0.768,2,-0.806,3,-0.164
385,1,2,0,1,0,0,3,4,1,1,10,4.5,10,2.25,10,2.5,10,1.5,1,0,0,3,0.259,3,-0.232,3,0.194,3,-0.164
386,1,4,0,0,0,1,2,1,3,0,100,3.5,100,2.5,100,2.5,10,0.75,1,0,0,1,-1.741,3,-0.232,3,0.194,4,0.836
387,1,2,0,1,0,0,1,3,4,1,100,3.5,100,3.5,100,0.75,100,2.25,0,0,0,4,1.259,4,0.768,3,0.194,2,-1.164
388,1,1,1,0,0,0,3,2,4,0,1,3,1,4.5,10,0.75,1000,2.5,1,1,0,4,1.259,3,-0.232,3,0.194,4,0.836
389,1,1,1,0,0,0,3,4,2,0,10,3,100,3,1000,2.5,100,0.75,0,1,0,4,1.259,4,0.768,2,-0.806,3,-0.164
390,1,1,1,0,0,0,2,3,4,1,10,4.5,100,2.25,100,2.25,1000,0.75,0,0,1,4,1.259,1,-2.232,5,2.194,3,-0.164
391,1,1,1,0,0,0,4,3,2,1,10,3,10,3,1000,0.75,100,2.5,0,0,1,3,0.259,3,-0.232,3,0.194,3,-0.164
392,1,2,0,1,0,0,4,3,1,0,100,4.5,10,2.5,10,2.5,1000,2.25,1,0,0,5,2.259,4,0.768,3,0.194,4,0.836
393,1,1,1,0,0,0,4,2,3,1,100,2.25,100,4.5,100,2.25,10,1.5,0,1,1,3,0.259,3,-0.232,4,1.194,3,-0.164
394,1,2,0,1,0,0,4,1,3,1,100,2.25,1,2.25,1000,0.75,100,1.5,0,0,0,2,-0.741,5,1.768,3,0.194,2,-1.164
395,1,4,0,0,0,1,1,2,3,0,100,2.5,1,4.5,1000,0.75,10,0.75,1,1,1,1,-1.741,5,1.768,1,-1.806,5,1.836
396,1,3,0,0,1,0,1,2,4,0,1,3.5,100,3.5,100,1.5,1000,1.5,1,0,0,2,-0.741,2,-1.232,3,0.194,1,-2.164
397,1,4,0,0,0,1,2,1,3,1,10,4.5,10,2.25,10,2.5,10,1.5,0,0,0,3,0.259,1,-2.232,5,2.194,1,-2.164
398,1,3,0,0,1,0,2,4,1,0,100,3.5,100,2.5,100,2.5,10,0.75,1,0,0,1,-1.741,5,1.768,1,-1.806,4,0.836
399,1,3,0,0,1,0,1,2,4,1,100,3.5,100,3.5,100,0.75,100,2.25,0,0,0,4,1.259,4,0.768,5,2.194,3,-0.164
400,1,3,0,0,1,0,1,2,4,0,1,3,1,4.5,10,0.75,1000,2.5,1,0,0,1,-1.741,4,0.768,3,0.194,4,0.836
401,1,2,0,1,0,0,1,4,3,0,10,3,100,3,1000,2.5,100,0.75,0,1,1,3,0.259,1,-2.232,4,1.194,3,-0.164
402,1,2,0,1,0,0,1,3,4,1,10,4.5,100,2.25,100,2.25,1000,0.75,0,1,0,5,2.259,1,-2.232,3,0.194,2,-1.164
403,1,3,0,0,1,0,2,1,4,1,10,3,10,3,1000,0.75,100,2.5,1,1,1,1,-1.741,5,1.768,1,-1.806,4,0.836
404,1,2,0,1,0,0,3,1,4,0,100,4.5,10,2.5,10,2.5,1000,2.25,1,0,0,3,0.259,2,-1.232,3,0.194,4,0.836
405,1,1,1,0,0,0,4,2,3,1,100,2.25,100,4.5,100,2.25,10,1.5,0,1,1,2,-0.741,3,-0.232,3,0.194,4,0.836
406,1,4,0,0,0,1,2,1,3,1,100,2.25,1,2.25,1000,0.75,100,1.5,0,0,0,3,0.259,1,-2.232,2,-0.806,2,-1.164
407,1,1,1,0,0,0,2,4,3,0,100,2.5,1,4.5,1000,0.75,10,0.75,1,0,1,3,0.259,3,-0.232,2,-0.806,3,-0.164
408,1,2,0,1,0,0,4,3,1,0,1,3.5,100,3.5,100,1.5,1000,1.5,1,0,1,3,0.259,3,-0.232,3,0.194,3,-0.164
409,1,2,0,1,0,0,4,1,3,1,10,4.5,10,2.25,10,2.5,10,1.5,1,0,0,1,-1.741,5,1.768,2,-0.806,4,0.836
410,1,2,0,1,0,0,1,4,3,0,100,3.5,100,2.5,100,2.5,10,0.75,0,1,1,3,0.259,1,-2.232,5,2.194,3,-0.164
411,1,3,0,0,1,0,1,2,4,1,100,3.5,100,3.5,100,0.75,100,2.25,0,1,0,1,-1.741,3,-0.232,3,0.194,5,1.836
412,1,1,1,0,0,0,3,2,4,0,1,3,1,4.5,10,0.75,1000,2.5,0,1,1,1,-1.741,4,0.768,3,0.194,2,-1.164
413,1,2,0,1,0,0,4,3,1,0,10,3,100,3,1000,2.5,100,0.75,1,1,0,3,0.259,3,-0.232,1,-1.806,2,-1.164
414,1,2,0,1,0,0,4,1,3,1,10,4.5,100,2.25,100,2.25,1000,0.75,1,0,0,4,1.259,4,0.768,3,0.194,1,-2.164
415,1,1,1,0,0,0,2,4,3,1,10,3,10,3,1000,0.75,100,2.5,1,0,0,5,2.259,3,-0.232,2,-0.806,5,1.836
416,1,2,0,1,0,0,1,3,4,0,100,4.5,10,2.5,10,2.5,1000,2.25,0,1,1,4,1.259,1,-2.232,3,0.194,2,-1.164
417,1,1,1,0,0,0,3,4,2,1,100,2.25,100,4.5,100,2.25,10,1.5,0,0,1,1,-1.741,3,-0.232,5,2.194,5,1.836
418,1,2,0,1,0,0,1,4,3,1,100,2.25,1,2.25,1000,0.75,100,1.5,0,0,0,3,0.259,5,1.768,5,2.194,5,1.836
419,1,2,0,1,0,0,4,3,1,0,100,2.5,1,4.5,1000,0.75,10,0.75,1,0,0,3,0.259,1,-2.232,2,-0.806,3,-0.164
420,1,1,1,0,0,0,3,2,4,0,1,3.5,100,3.5,100,1.5,1000,1.5,1,1,0,2,-0.741,5,1.768,2,-0.806,2,-1.164
421,1,2,0,1,0,0,3,1,4,1,10,4.5,10,2.25,10,2.5,10,1.5,0,0,1,4,1.259,4,0.768,2,-0.806,2,-1.164
422,1,1,1,0,0,0,4,2,3,0,100,3.5,100,2.5,100,2.5,10,0.75,0,0,0,3,0.259,1,-2.232,3,0.194,3,-0.164
423,1,4,0,0,0,1,3,2,1,1,100,3.5,100,3.5,100,0.75,100,2.25,1,1,0,3,0.259,5,1.768,3,0.194,3,-0.164
424,1,1,1,0,0,0,3,2,4,0,1,3,1,4.5,10,0.75,1000,2.5,0,0,0,4,1.259,3,-0.232,5,2.194,3,-0.164
425,1,2,0,1,0,0,4,1,3,0,10,3,100,3,1000,2.5,100,0.75,0,1,0,3,0.259,3,-0.232,1,-1.806,4,0.836
426,1,2,0,1,0,0,4,1,3,1,10,4.5,100,2.25,100,2.25,1000,0.75,1,0,1,1,-1.741,4,0.768,1,-1.806,3,-0.164
427,1,1,1,0,0,0,2,4,3,1,10,3,10,3,1000,0.75,100,2.5,0,1,1,3,0.259,3,-0.232,3,0.194,4,0.836
428,1,3,0,0,1,0,2,1,4,0,100,4.5,10,2.5,10,2.5,1000,2.25,0,0,0,3,0.259,5,1.768,1,-1.806,2,-1.164
429,1,1,1,0,0,0,3,2,4,1,100,2.25,100,4.5,100,2.25,10,1.5,0,1,0,2,-0.741,4,0.768,3,0.194,3,-0.164
430,1,2,0,1,0,0,4,1,3,1,100,2.25,1,2.25,1000,0.75,100,1.5,0,0,0,2,-0.741,2,-1.232,2,-0.806,3,-0.164
431,1,4,0,0,0,1,1,3,2,0,100,2.5,1,4.5,1000,0.75,10,0.75,0,0,1,2,-0.741,5,1.768,4,1.194,1,-2.164
432,1,2,0,1,0,0,3,4,1,0,1,3.5,100,3.5,100,1.5,1000,1.5,0,0,0,3,0.259,5,1.768,3,0.194,2,-1.164
433,1,2,0,1,0,0,1,4,3,1,10,4.5,10,2.25,10,2.5,10,1.5,0,0,0,4,1.259,3,-0.232,5,2.194,2,-1.164
434,1,4,0,0,0,1,2,3,1,0,100,3.5,100,2.5,100,2.5,10,0.75,1,0,0,2,-0.741,3,-0.232,3,0.194,3,-0.164
435,1,4,0,0,0,1,1,2,3,1,100,3.5,100,3.5,100,0.75,100,2.25,0,0,0,2,-0.741,3,-0.232,3,0.194,3,-0.164
436,1,2,0,1,0,0,3,1,4,0,1,3,1,4.5,10,0.75,1000,2.5,0,0,0,3,0.259,3,-0.232,5,2.194,3,-0.164
437,1,2,0,1,0,0,1,3,4,0,10,3,100,3,1000,2.5,100,0.75,0,0,1,3,0.259,1,-2.232,3,0.194,3,-0.164
438,1,2,0,1,0,0,3,1,4,1,10,4.5,100,2.25,100,2.25,1000,0.75,0,1,1,3,0.259,3,-0.232,3,0.194,1,-2.164
439,1,1,1,0,0,0,2,3,4,1,10,3,10,3,1000,0.75,100,2.5,1,1,0,1,-1.741,5,1.768,3,0.194,3,-0.164
440,1,2,0,1,0,0,1,3,4,0,100,4.5,10,2.5,10,2.5,1000,2.25,0,0,0,5,2.259,1,-2.232,3,0.194,2,-1.164
441,1,1,1,0,0,0,3,2,4,1,100,2.25,100,4.5,100,2.25,10,1.5,0,0,0,4,1.259,3,-0.232,4,1.194,2,-1.164
442,1,2,0,1,0,0,4,1,3,1,100,2.25,1,2.25,1000,0.75,100,1.5,1,1,1,3,0.259,3,-0.232,4,1.194,4,0.836
443,1,1,1,0,0,0,2,4,3,0,100,2.5,1,4.5,1000,0.75,10,0.75,0,0,1,1,-1.741,4,0.768,2,-0.806,1,-2.164
444,1,1,1,0,0,0,4,2,3,0,1,3.5,100,3.5,100,1.5,1000,1.5,0,0,0,1,-1.741,3,-0.232,2,-0.806,2,-1.164
445,1,1,1,0,0,0,3,2,4,1,10,4.5,10,2.25,10,2.5,10,1.5,1,0,0,5,2.259,3,-0.232,2,-0.806,5,1.836
446,1,4,0,0,0,1,2,3,1,0,100,3.5,100,2.5,100,2.5,10,0.75,1,1,0,1,-1.741,5,1.768,1,-1.806,5,1.836
447,1,4,0,0,0,1,1,2,3,1,100,3.5,100,3.5,100,0.75,100,2.25,1,1,1,3,0.259,4,0.768,2,-0.806,3,-0.164
448,1,2,0,1,0,0,1,3,4,0,1,3,1,4.5,10,0.75,1000,2.5,1,0,0,5,2.259,3,-0.232,1,-1.806,3,-0.164
449,1,2,0,1,0,0,4,1,3,0,10,3,100,3,1000,2.5,100,0.75,0,1,0,5,2.259,5,1.768,3,0.194,1,-2.164
450,1,1,1,0,0,0,2,4,3,1,10,4.5,100,2.25,100,2.25,1000,0.75,1,0,0,2,-0.741,4,0.768,5,2.194,2,-1.164
451,1,1,1,0,0,0,4,2,3,1,10,3,10,3,1000,0.75,100,2.5,0,0,0,3,0.259,3,-0.232,3,0.194,5,1.836
452,1,2,0,1,0,0,1,4,3,0,100,4.5,10,2.5,10,2.5,1000,2.25,1,0,0,2,-0.741,5,1.768,3,0.194,3,-0.164
453,1,1,1,0,0,0,3,4,2,1,100,2.25,100,4.5,100,2.25,10,1.5,1,0,0,3,0.259,3,-0.232,1,-1.806,4,0.836
454,1,2,0,1,0,0,1,4,3,1,100,2.25,1,2.25,1000,0.75,100,1.5,1,0,0,3,0.259,4,0.768,3,0.194,4,0.836
455,1,4,0,0,0,1,2,3,1,0,100,2.5,1,4.5,1000,0.75,10,0.75,1,0,0,1,-1.741,3,-0.232,3,0.194,5,1.836
456,1,2,0,1,0,0,1,4,3,0,1,3.5,100,3.5,100,1.5,1000,1.5,0,1,0,3,0.259,5,1.768,5,2.194,1,-2.164
457,1,4,0,0,0,1,1,3,2,1,10,4.5,10,2.25,10,2.5,10,1.5,0,0,0,3,0.259,2,-1.232,4,1.194,4,0.836
458,1,2,0,1,0,0,1,4,3,0,100,3.5,100,2.5,100,2.5,10,0.75,0,0,1,3,0.259,2,-1.232,3,0.194,3,-0.164
459,1,1,1,0,0,0,3,2,4,1,100,3.5,100,3.5,100,0.75,100,2.25,1,0,0,3,0.259,2,-1.232,3,0.194,3,-0.164
460,1,2,0,1,0,0,4,3,1,0,1,3,1,4.5,10,0.75,1000,2.5,0,1,0,3,0.259,2,-1.232,3,0.194,4,0.836
461,1,1,1,0,0,0,4,3,2,0,10,3,100,3,1000,2.5,100,0.75,0,1,0,1,-1.741,3,-0.232,1,-1.806,4,0.836
462,1,2,0,1,0,0,3,4,1,1,10,4.5,100,2.25,100,2.25,1000,0.75,0,0,1,3,0.259,5,1.768,3,0.194,3,-0.164
463,1,1,1,0,0,0,3,2,4,1,10,3,10,3,1000,0.75,100,2.5,0,1,1,4,1.259,1,-2.232,3,0.194,3,-0.164
464,1,2,0,1,0,0,1,4,3,0,100,4.5,10,2.5,10,2.5,1000,2.25,1,0,0,3,0.259,2,-1.232,1,-1.806,2,-1.164
465,1,1,1,0,0,0,3,4,2,1,100,2.25,100,4.5,100,2.25,10,1.5,1,1,0,3,0.259,4,0.768,1,-1.806,4,0.836
466,1,2,0,1,0,0,1,4,3,1,100,2.25,1,2.25,1000,0.75,100,1.5,0,0,1,3,0.259,2,-1.232,5,2.194,3,-0.164
467,1,4,0,0,0,1,2,1,3,0,100,2.5,1,4.5,1000,0.75,10,0.75,0,0,1,3,0.259,2,-1.232,5,2.194,1,-2.164
468,1,3,0,0,1,0,1,2,4,0,1,3.5,100,3.5,100,1.5,1000,1.5,0,0,1,4,1.259,4,0.768,4,1.194,3,-0.164
469,1,1,1,0,0,0,3,2,4,1,10,4.5,10,2.25,10,2.5,10,1.5,0,0,1,1,-1.741,4,0.768,2,-0.806,3,-0.164
470,1,2,0,1,0,0,1,4,3,0,100,3.5,100,2.5,100,2.5,10,0.75,0,0,0,3,0.259,2,-1.232,4,1.194,1,-2.164
471,1,3,0,0,1,0,2,1,4,1,100,3.5,100,3.5,100,0.75,100,2.25,1,1,0,3,0.259,4,0.768,4,1.194,5,1.836
472,1,3,0,0,1,0,1,4,2,0,1,3,1,4.5,10,0.75,1000,2.5,1,0,1,2,-0.741,5,1.768,1,-1.806,3,-0.164
473,1,2,0,1,0,0,4,1,3,0,10,3,100,3,1000,2.5,100,0.75,0,0,1,2,-0.741,2,-1.232,2,-0.806,1,-2.164
474,1,2,0,1,0,0,4,1,3,1,10,4.5,100,2.25,100,2.25,1000,0.75,0,0,1,4,1.259,3,-0.232,4,1.194,1,-2.164
475,1,1,1,0,0,0,2,4,3,1,10,3,10,3,1000,0.75,100,2.5,0,0,1,3,0.259,2,-1.232,3,0.194,3,-0.164
476,1,4,0,0,0,1,2,3,1,0,100,4.5,10,2.5,10,2.5,1000,2.25,0,0,0,1,-1.741,3,-0.232,2,-0.806,4,0.836
477,1,1,1,0,0,0,4,3,2,1,100,2.25,100,4.5,100,2.25,10,1.5,0,0,0,5,2.259,3,-0.232,1,-1.806,1,-2.164
478,1,1,1,0,0,0,4,2,3,1,100,2.25,1,2.25,1000,0.75,100,1.5,0,1,1,1,-1.741,5,1.768,1,-1.806,5,1.836
479,1,4,0,0,0,1,1,2,3,0,100,2.5,1,4.5,1000,0.75,10,0.75,0,0,1,4,1.259,3,-0.232,3,0.194,5,1.836
480,1,4,0,0,0,1,1,2,3,0,1,3.5,100,3.5,100,1.5,1000,1.5,0,0,1,1,-1.741,5,1.768,1,-1.806,2,-1.164
481,1,2,0,1,0,0,1,3,4,1,10,4.5,10,2.25,10,2.5,10,1.5,0,0,0,4,1.259,4,0.768,5,2.194,2,-1.164
482,1,2,0,1,0,0,1,4,3,0,100,3.5,100,2.5,100,2.5,10,0.75,0,0,0,1,-1.741,3,-0.232,3,0.194,2,-1.164
483,1,2,0,1,0,0,4,3,1,1,100,3.5,100,3.5,100,0.75,100,2.25,0,1,1,1,-1.741,5,1.768,3,0.194,5,1.836
484,1,3,0,0,1,0,1,4,2,0,1,3,1,4.5,10,0.75,1000,2.5,0,0,0,1,-1.741,3,-0.232,5,2.194,2,-1.164
485,1,2,0,1,0,0,4,1,3,0,10,3,100,3,1000,2.5,100,0.75,0,0,0,2,-0.741,5,1.768,3,0.194,5,1.836
486,1,2,0,1,0,0,3,1,4,1,10,4.5,100,2.25,100,2.25,1000,0.75,0,1,1,5,2.259,4,0.768,4,1.194,3,-0.164
487,1,3,0,0,1,0,1,4,2,1,10,3,10,3,1000,0.75,100,2.5,1,1,0,3,0.259,2,-1.232,1,-1.806,4,0.836
488,1,2,0,1,0,0,3,1,4,0,100,4.5,10,2.5,10,2.5,1000,2.25,0,1,0,3,0.259,5,1.768,3,0.194,3,-0.164
489,1,1,1,0,0,0,3,4,2,1,100,2.25,100,4.5,100,2.25,10,1.5,0,0,0,3,0.259,3,-0.232,5,2.194,3,-0.164
490,1,1,1,0,0,0,4,3,2,1,100,2.25,1,2.25,1000,0.75,100,1.5,0,1,1,1,-1.741,5,1.768,2,-0.806,4,0.836
491,1,3,0,0,1,0,4,1,2,0,100,2.5,1,4.5,1000,0.75,10,0.75,1,1,0,1,-1.741,3,-0.232,3,0.194,4,0.836
492,1,3,0,0,1,0,2,1,4,0,1,3.5,100,3.5,100,1.5,1000,1.5,0,1,1,3,0.259,3,-0.232,4,1.194,2,-1.164
493,1,3,0,0,1,0,4,1,2,1,10,4.5,10,2.25,10,2.5,10,1.5,0,1,1,1,-1.741,3,-0.232,3,0.194,4,0.836
494,1,3,0,0,1,0,2,4,1,0,100,3.5,100,2.5,100,2.5,10,0.75,1,1,0,2,-0.741,5,1.768,1,-1.806,4,0.836
495,1,2,0,1,0,0,1,3,4,1,100,3.5,100,3.5,100,0.75,100,2.25,1,0,0,5,2.259,5,1.768,1,-1.806,5,1.836
496,1,3,0,0,1,0,2,4,1,0,1,3,1,4.5,10,0.75,1000,2.5,0,0,1,3,0.259,3,-0.232,3,0.194,2,-1.164
497,1,2,0,1,0,0,1,4,3,0,10,3,100,3,1000,2.5,100,0.75,1,0,1,3,0.259,4,0.768,1,-1.806,4,0.836
498,1,1,1,0,0,0,2,4,3,1,10,4.5,100,2.25,100,2.25,1000,0.75,0,1,1,5,2.259,2,-1.232,3,0.194,3,-0.164
499,1,1,1,0,0,0,4,2,3,1,10,3,10,3,1000,0.75,100,2.5,1,1,0,1,-1.741,5,1.768,2,-0.806,3,-0.164
500,1,2,0,1,0,0,4,1,3,0,100,4.5,10,2.5,10,2.5,1000,2.25,1,0,0,3,0.259,3,-0.232,1,-1.806,3,-0.164
501,1,1,1,0,0,0,2,3,4,1,100,2.25,100,4.5,100,2.25,10,1.5,0,1,0,3,0.259,5,1.768,3,0.194,3,-0.164
502,1,2,0,1,0,0,1,4,3,1,100,2.25,1,2.25,1000,0.75,100,1.5,1,0,0,3,0.259,3,-0.232,5,2.194,5,1.836
503,1,4,0,0,0,1,2,1,3,0,100,2.5,1,4.5,1000,0.75,10,0.75,0,0,1,4,1.259,5,1.768,3,0.194,3,-0.164
504,1,2,0,1,0,0,3,1,4,0,1,3.5,100,3.5,100,1.5,1000,1.5,0,0,0,3,0.259,2,-1.232,5,2.194,1,-2.164
505,1,1,1,0,0,0,4,2,3,1,10,4.5,10,2.25,10,2.5,10,1.5,0,0,0,3,0.259,4,0.768,2,-0.806,5,1.836
506,1,2,0,1,0,0,1,4,3,0,100,3.5,100,2.5,100,2.5,10,0.75,0,1,1,2,-0.741,4,0.768,3,0.194,3,-0.164
507,1,4,0,0,0,1,3,2,1,1,100,3.5,100,3.5,100,0.75,100,2.25,0,0,0,1,-1.741,5,1.768,1,-1.806,3,-0.164
508,1,4,0,0,0,1,3,2,1,0,1,3,1,4.5,10,0.75,1000,2.5,1,1,0,2,-0.741,5,1.768,5,2.194,3,-0.164
509,1,2,0,1,0,0,1,4,3,0,10,3,100,3,1000,2.5,100,0.75,0,1,0,5,2.259,1,-2.232,3,0.194,4,0.836
510,1,2,0,1,0,0,1,3,4,1,10,4.5,100,2.25,100,2.25,1000,0.75,0,0,0,2,-0.741,4,0.768,5,2.194,3,-0.164
511,1,1,1,0,0,0,2,3,4,1,10,3,10,3,1000,0.75,100,2.5,0,1,1,4,1.259,2,-1.232,3,0.194,3,-0.164
512,1,1,1,0,0,0,4,3,2,0,100,4.5,10,2.5,10,2.5,1000,2.25,1,0,1,3,0.259,2,-1.232,3,0.194,5,1.836
513,1,4,0,0,0,1,1,3,2,1,100,2.25,100,4.5,100,2.25,10,1.5,1,1,0,1,-1.741,5,1.768,1,-1.806,5,1.836
514,1,4,0,0,0,1,2,1,3,1,100,2.25,1,2.25,1000,0.75,100,1.5,0,1,1,3,0.259,3,-0.232,4,1.194,3,-0.164
515,1,4,0,0,0,1,3,2,1,0,100,2.5,1,4.5,1000,0.75,10,0.75,1,0,1,1,-1.741,3,-0.232,2,-0.806,5,1.836
516,1,1,1,0,0,0,2,3,4,0,1,3.5,100,3.5,100,1.5,1000,1.5,0,1,0,3,0.259,3,-0.232,4,1.194,2,-1.164
517,1,3,0,0,1,0,4,2,1,1,10,4.5,10,2.25,10,2.5,10,1.5,0,1,0,5,2.259,3,-0.232,3,0.194,5,1.836
518,1,4,0,0,0,1,2,3,1,0,100,3.5,100,2.5,100,2.5,10,0.75,0,0,0,1,-1.741,5,1.768,3,0.194,2,-1.164
519,1,2,0,1,0,0,4,1,3,1,100,3.5,100,3.5,100,0.75,100,2.25,0,0,0,3,0.259,4,0.768,5,2.194,2,-1.164
520,1,3,0,0,1,0,1,2,4,0,1,3,1,4.5,10,0.75,1000,2.5,1,1,1,2,-0.741,3,-0.232,1,-1.806,4,0.836
521,1,2,0,1,0,0,1,4,3,0,10,3,100,3,1000,2.5,100,0.75,0,1,1,4,1.259,1,-2.232,1,-1.806,3,-0.164
522,1,1,1,0,0,0,2,3,4,1,10,4.5,100,2.25,100,2.25,1000,0.75,0,0,0,5,2.259,2,-1.232,1,-1.806,1,-2.164
523,1,1,1,0,0,0,2,4,3,1,10,3,10,3,1000,0.75,100,2.5,1,0,1,5,2.259,1,-2.232,3,0.194,3,-0.164
524,1,2,0,1,0,0,1,3,4,0,100,4.5,10,2.5,10,2.5,1000,2.25,1,0,0,2,-0.741,3,-0.232,2,-0.806,3,-0.164
525,1,1,1,0,0,0,4,3,2,1,100,2.25,100,4.5,100,2.25,10,1.5,0,0,0,2,-0.741,4,0.768,3,0.194,4,0.836
526,1,2,0,1,0,0,4,1,3,1,100,2.25,1,2.25,1000,0.75,100,1.5,0,0,0,1,-1.741,4,0.768,2,-0.806,5,1.836
527,1,4,0,0,0,1,3,1,2,0,100,2.5,1,4.5,1000,0.75,10,0.75,1,0,0,3,0.259,5,1.768,3,0.194,3,-0.164
528,1,1,1,0,0,0,2,4,3,0,1,3.5,100,3.5,100,1.5,1000,1.5,0,0,0,4,1.259,1,-2.232,5,2.194,1,-2.164
529,1,2,0,1,0,0,1,3,4,1,10,4.5,10,2.25,10,2.5,10,1.5,0,0,0,3,0.259,5,1.768,4,1.194,3,-0.164
530,1,4,0,0,0,1,2,3,1,0,100,3.5,100,2.5,100,2.5,10,0.75,0,1,1,2,-0.741,5,1.768,2,-0.806,3,-0.164
531,1,3,0,0,1,0,1,2,4,1,100,3.5,100,3.5,100,0.75,100,2.25,1,1,0,1,-1.741,5,1.768,3,0.194,3,-0.164
532,1,4,0,0,0,1,2,1,3,0,1,3,1,4.5,10,0.75,1000,2.5,0,0,0,2,-0.741,2,-1.232,3,0.194,3,-0.164
533,1,2,0,1,0,0,4,1,3,0,10,3,100,3,1000,2.5,100,0.75,1,0,0,1,-1.741,3,-0.232,2,-0.806,2,-1.164
534,1,4,0,0,0,1,3,2,1,1,10,4.5,100,2.25,100,2.25,1000,0.75,1,1,0,4,1.259,3,-0.232,2,-0.806,3,-0.164
535,1,1,1,0,0,0,3,2,4,1,10,3,10,3,1000,0.75,100,2.5,0,1,1,3,0.259,3,-0.232,2,-0.806,4,0.836
536,1,4,0,0,0,1,3,2,1,0,100,4.5,10,2.5,10,2.5,1000,2.25,0,0,1,1,-1.741,1,-2.232,3,0.194,3,-0.164
537,1,1,1,0,0,0,3,2,4,1,100,2.25,100,4.5,100,2.25,10,1.5,0,0,1,3,0.259,3,-0.232,3,0.194,3,-0.164
538,1,2,0,1,0,0,4,3,1,1,100,2.25,1,2.25,1000,0.75,100,1.5,0,0,1,1,-1.741,3,-0.232,1,-1.806,5,1.836
539,1,4,0,0,0,1,1,2,3,0,100,2.5,1,4.5,1000,0.75,10,0.75,1,0,1,3,0.259,3,-0.232,1,-1.806,4,0.836
540,1,2,0,1,0,0,3,4,1,0,1,3.5,100,3.5,100,1.5,1000,1.5,1,0,0,1,-1.741,5,1.768,1,-1.806,5,1.836
541,1,4,0,0,0,1,2,1,3,1,10,4.5,10,2.25,10,2.5,10,1.5,1,1,1,5,2.259,1,-2.232,3,0.194,3,-0.164
542,1,2,0,1,0,0,4,1,3,0,100,3.5,100,2.5,100,2.5,10,0.75,0,1,0,2,-0.741,3,-0.232,1,-1.806,3,-0.164
543,1,2,0,1,0,0,1,3,4,1,100,3.5,100,3.5,100,0.75,100,2.25,1,0,0,1,-1.741,3,-0.232,2,-0.806,3,-0.164
544,1,4,0,0,0,1,1,3,2,0,1,3,1,4.5,10,0.75,1000,2.5,1,0,1,1,-1.741,4,0.768,4,1.194,4,0.836
545,1,2,0,1,0,0,1,4,3,0,10,3,100,3,1000,2.5,100,0.75,0,1,0,1,-1.741,3,-0.232,2,-0.806,3,-0.164
546,1,2,0,1,0,0,3,4,1,1,10,4.5,100,2.25,100,2.25,1000,0.75,0,1,0,1,-1.741,4,0.768,1,-1.806,3,-0.164
547,1,1,1,0,0,0,2,4,3,1,10,3,10,3,1000,0.75,100,2.5,0,0,1,1,-1.741,1,-2.232,3,0.194,3,-0.164
548,1,3,0,0,1,0,2,1,4,0,100,4.5,10,2.5,10,2.5,1000,2.25,1,0,1,2,-0.741,5,1.768,1,-1.806,3,-0.164
549,1,1,1,0,0,0,3,4,2,1,100,2.25,100,4.5,100,2.25,10,1.5,0,1,1,4,1.259,2,-1.232,2,-0.806,1,-2.164
550,1,2,0,1,0,0,4,1,3,1,100,2.25,1,2.25,1000,0.75,100,1.5,0,1,1,5,2.259,2,-1.232,3,0.194,3,-0.164
551,1,4,0,0,0,1,1,2,3,0,100,2.5,1,4.5,1000,0.75,10,0.75,0,0,0,4,1.259,1,-2.232,3,0.194,3,-0.164
552,1,2,0,1,0,0,3,1,4,0,1,3.5,100,3.5,100,1.5,1000,1.5,0,1,0,2,-0.741,4,0.768,5,2.194,5,1.836
553,1,3,0,0,1,0,2,4,1,1,10,4.5,10,2.25,10,2.5,10,1.5,0,0,1,3,0.259,3,-0.232,5,2.194,3,-0.164
554,1,3,0,0,1,0,2,4,1,0,100,3.5,100,2.5,100,2.5,10,0.75,1,1,1,3,0.259,1,-2.232,3,0.194,3,-0.164
555,1,3,0,0,1,0,2,1,4,1,100,3.5,100,3.5,100,0.75,100,2.25,0,0,0,5,2.259,5,1.768,1,-1.806,4,0.836
556,1,1,1,0,0,0,2,3,4,0,1,3,1,4.5,10,0.75,1000,2.5,0,0,1,1,-1.741,3,-0.232,5,2.194,4,0.836
557,1,2,0,1,0,0,4,1,3,0,10,3,100,3,1000,2.5,100,0.75,0,1,0,1,-1.741,5,1.768,1,-1.806,3,-0.164
558,1,2,0,1,0,0,3,4,1,1,10,4.5,100,2.25,100,2.25,1000,0.75,1,0,0,3,0.259,2,-1.232,4,1.194,2,-1.164
559,1,1,1,0,0,0,3,4,2,1,10,3,10,3,1000,0.75,100,2.5,0,1,0,3,0.259,3,-0.232,1,-1.806,3,-0.164
560,1,2,0,1,0,0,1,3,4,0,100,4.5,10,2.5,10,2.5,1000,2.25,0,1,0,5,2.259,4,0.768,2,-0.806,3,-0.164
561,1,1,1,0,0,0,3,2,4,1,100,2.25,100,4.5,100,2.25,10,1.5,0,0,0,4,1.259,3,-0.232,3,0.194,3,-0.164
562,1,2,0,1,0,0,1,4,3,1,100,2.25,1,2.25,1000,0.75,100,1.5,1,0,0,3,0.259,2,-1.232,4,1.194,3,-0.164
563,1,4,0,0,0,1,1,2,3,0,100,2.5,1,4.5,1000,0.75,10,0.75,0,1,0,2,-0.741,3,-0.232,3,0.194,3,-0.164
564,1,1,1,0,0,0,2,3,4,0,1,3.5,100,3.5,100,1.5,1000,1.5,0,1,1,4,1.259,4,0.768,2,-0.806,3,-0.164
565,1,3,0,0,1,0,4,1,2,1,10,4.5,10,2.25,10,2.5,10,1.5,1,0,0,2,-0.741,5,1.768,3,0.194,3,-0.164
566,1,2,0,1,0,0,1,4,3,0,100,3.5,100,2.5,100,2.5,10,0.75,1,0,0,5,2.259,3,-0.232,3,0.194,5,1.836
567,1,2,0,1,0,0,3,4,1,1,100,3.5,100,3.5,100,0.75,100,2.25,0,0,0,4,1.259,3,-0.232,3,0.194,2,-1.164
568,1,2,0,1,0,0,3,1,4,0,1,3,1,4.5,10,0.75,1000,2.5,0,0,1,1,-1.741,3,-0.232,2,-0.806,3,-0.164
569,1,2,0,1,0,0,1,4,3,0,10,3,100,3,1000,2.5,100,0.75,0,0,0,3,0.259,2,-1.232,5,2.194,3,-0.164
570,1,2,0,1,0,0,3,1,4,1,10,4.5,100,2.25,100,2.25,1000,0.75,0,0,1,3,0.259,3,-0.232,3,0.194,3,-0.164
571,1,1,1,0,0,0,4,2,3,1,10,3,10,3,1000,0.75,100,2.5,0,0,0,1,-1.741,4,0.768,3,0.194,3,-0.164
572,1,2,0,1,0,0,1,4,3,0,100,4.5,10,2.5,10,2.5,1000,2.25,0,1,1,3,0.259,1,-2.232,3,0.194,4,0.836
573,1,1,1,0,0,0,2,4,3,1,100,2.25,100,4.5,100,2.25,10,1.5,0,0,1,3,0.259,2,-1.232,5,2.194,2,-1.164
574,1,2,0,1,0,0,4,1,3,1,100,2.25,1,2.25,1000,0.75,100,1.5,0,0,1,1,-1.741,4,0.768,3,0.194,5,1.836
575,1,4,0,0,0,1,2,3,1,0,100,2.5,1,4.5,1000,0.75,10,0.75,1,0,0,2,-0.741,3,-0.232,3,0.194,1,-2.164
576,1,3,0,0,1,0,2,4,1,0,1,3.5,100,3.5,100,1.5,1000,1.5,0,1,0,3,0.259,1,-2.232,2,-0.806,5,1.836
577,1,3,0,0,1,0,4,1,2,1,10,4.5,10,2.25,10,2.5,10,1.5,0,1,1,3,0.259,3,-0.232,4,1.194,3,-0.164
578,1,2,0,1,0,0,3,1,4,0,100,3.5,100,2.5,100,2.5,10,0.75,0,1,1,3,0.259,2,-1.232,4,1.194,3,-0.164
579,1,1,1,0,0,0,2,4,3,1,100,3.5,100,3.5,100,0.75,100,2.25,1,1,1,1,-1.741,2,-1.232,4,1.194,3,-0.164
580,1,2,0,1,0,0,1,4,3,0,1,3,1,4.5,10,0.75,1000,2.5,0,0,0,5,2.259,3,-0.232,3,0.194,4,0.836
581,1,2,0,1,0,0,4,1,3,0,10,3,100,3,1000,2.5,100,0.75,0,1,0,2,-0.741,3,-0.232,1,-1.806,2,-1.164
582,1,4,0,0,0,1,2,3,1,1,10,4.5,100,2.25,100,2.25,1000,0.75,1,0,0,1,-1.741,3,-0.232,1,-1.806,4,0.836
583,1,4,0,0,0,1,1,3,2,1,10,3,10,3,1000,0.75,100,2.5,1,0,0,1,-1.741,5,1.768,1,-1.806,3,-0.164
584,1,4,0,0,0,1,2,1,3,0,100,4.5,10,2.5,10,2.5,1000,2.25,1,1,0,1,-1.741,4,0.768,3,0.194,5,1.836
585,1,1,1,0,0,0,4,2,3,1,100,2.25,100,4.5,100,2.25,10,1.5,0,0,1,5,2.259,2,-1.232,3,0.194,3,-0.164
586,1,2,0,1,0,0,1,4,3,1,100,2.25,1,2.25,1000,0.75,100,1.5,0,0,1,3,0.259,1,-2.232,3,0.194,2,-1.164
587,1,4,0,0,0,1,1,3,2,0,100,2.5,1,4.5,1000,0.75,10,0.75,1,0,0,1,-1.741,4,0.768,2,-0.806,5,1.836
588,1,2,0,1,0,0,1,4,3,0,1,3.5,100,3.5,100,1.5,1000,1.5,1,0,1,3,0.259,3,-0.232,3,0.194,4,0.836
589,1,3,0,0,1,0,2,1,4,1,10,4.5,10,2.25,10,2.5,10,1.5,0,0,1,5,2.259,3,-0.232,3,0.194,3,-0.164
590,1,3,0,0,1,0,1,2,4,0,100,3.5,100,2.5,100,2.5,10,0.75,0,1,1,2,-0.741,1,-2.232,3,0.194,3,-0.164
591,1,3,0,0,1,0,1,4,2,1,100,3.5,100,3.5,100,0.75,100,2.25,0,1,0,2,-0.741,5,1.768,3,0.194,4,0.836
592,1,1,1,0,0,0,3,4,2,0,1,3,1,4.5,10,0.75,1000,2.5,0,0,1,3,0.259,1,-2.232,4,1.194,3,-0.164
593,1,3,0,0,1,0,2,4,1,0,10,3,100,3,1000,2.5,100,0.75,0,0,0,1,-1.741,2,-1.232,3,0.194,5,1.836
594,1,3,0,0,1,0,2,4,1,1,10,4.5,100,2.25,100,2.25,1000,0.75,0,1,0,1,-1.741,3,-0.232,1,-1.806,1,-2.164
595,1,1,1,0,0,0,3,2,4,1,10,3,10,3,1000,0.75,100,2.5,0,1,0,1,-1.741,1,-2.232,3,0.194,3,-0.164
596,1,2,0,1,0,0,4,3,1,0,100,4.5,10,2.5,10,2.5,1000,2.25,0,1,0,3,0.259,3,-0.232,3,0.194,4,0.836
597,1,4,0,0,0,1,1,3,2,1,100,2.25,100,4.5,100,2.25,10,1.5,0,1,0,1,-1.741,5,1.768,3,0.194,5,1.836
598,1,2,0,1,0,0,4,1,3,1,100,2.25,1,2.25,1000,0.75,100,1.5,0,1,0,2,-0.741,4,0.768,3,0.194,4,0.836
599,1,4,0,0,0,1,1,3,2,0,100,2.5,1,4.5,1000,0.75,10,0.75,1,0,1,1,-1.741,3,-0.232,1,-1.806,3,-0.164
600,1,2,0,1,0,0,1,3,4,0,1,3.5,100,3.5,100,1.5,1000,1.5,0,0,1,5,2.259,2,-1.232,3,0.194,1,-2.164
601,1,2,0,1,0,0,1,3,4,1,10,4.5,10,2.25,10,2.5,10,1.5,0,1,1,4,1.259,4,0.768,1,-1.806,5,1.836
602,1,2,0,1,0,0,3,4,1,0,100,3.5,100,2.5,100,2.5,10,0.75,1,1,0,2,-0.741,5,1.768,3,0.194,3,-0.164
603,1,3,0,0,1,0,1,4,2,1,100,3.5,100,3.5,100,0.75,100,2.25,1,0,0,2,-0.741,5,1.768,2,-0.806,5,1.836
604,1,1,1,0,0,0,3,2,4,0,1,3,1,4.5,10,0.75,1000,2.5,1,0,1,3,0.259,5,1.768,2,-0.806,3,-0.164
605,1,2,0,1,0,0,4,3,1,0,10,3,100,3,1000,2.5,100,0.75,1,1,0,1,-1.741,5,1.768,1,-1.806,4,0.836
606,1,2,0,1,0,0,1,4,3,1,10,4.5,100,2.25,100,2.25,1000,0.75,1,0,0,2,-0.741,1,-2.232,5,2.194,3,-0.164
607,1,3,0,0,1,0,1,4,2,1,10,3,10,3,1000,0.75,100,2.5,1,0,0,4,1.259,4,0.768,1,-1.806,3,-0.164
608,1,1,1,0,0,0,2,4,3,0,100,4.5,10,2.5,10,2.5,1000,2.25,0,0,0,1,-1.741,3,-0.232,3,0.194,1,-2.164
609,1,1,1,0,0,0,3,4,2,1,100,2.25,100,4.5,100,2.25,10,1.5,0,1,1,4,1.259,5,1.768,1,-1.806,3,-0.164
610,1,2,0,1,0,0,1,4,3,1,100,2.25,1,2.25,1000,0.75,100,1.5,0,0,0,3,0.259,4,0.768,4,1.194,3,-0.164
611,1,1,1,0,0,0,4,2,3,0,100,2.5,1,4.5,1000,0.75,10,0.75,0,1,0,3,0.259,2,-1.232,4,1.194,4,0.836
612,1,3,0,0,1,0,2,1,4,0,1,3.5,100,3.5,100,1.5,1000,1.5,0,0,0,1,-1.741,3,-0.232,2,-0.806,3,-0.164
613,1,3,0,0,1,0,2,1,4,1,10,4.5,10,2.25,10,2.5,10,1.5,0,1,0,3,0.259,1,-2.232,2,-0.806,5,1.836
614,1,2,0,1,0,0,1,3,4,0,100,3.5,100,2.5,100,2.5,10,0.75,1,1,1,1,-1.741,3,-0.232,4,1.194,3,-0.164
615,1,3,0,0,1,0,4,2,1,1,100,3.5,100,3.5,100,0.75,100,2.25,1,1,0,2,-0.741,5,1.768,1,-1.806,5,1.836
616,1,3,0,0,1,0,1,2,4,0,1,3,1,4.5,10,0.75,1000,2.5,0,1,1,3,0.259,3,-0.232,5,2.194,3,-0.164
617,1,2,0,1,0,0,4,1,3,0,10,3,100,3,1000,2.5,100,0.75,1,0,1,4,1.259,3,-0.232,3,0.194,5,1.836
618,1,2,0,1,0,0,3,1,4,1,10,4.5,100,2.25,100,2.25,1000,0.75,0,0,0,3,0.259,5,1.768,3,0.194,3,-0.164
619,1,1,1,0,0,0,2,4,3,1,10,3,10,3,1000,0.75,100,2.5,0,0,1,2,-0.741,2,-1.232,4,1.194,2,-1.164
620,1,2,0,1,0,0,1,4,3,0,100,4.5,10,2.5,10,2.5,1000,2.25,0,1,1,3,0.259,3,-0.232,3,0.194,3,-0.164
621,1,4,0,0,0,1,2,3,1,1,100,2.25,100,4.5,100,2.25,10,1.5,1,1,1,2,-0.741,1,-2.232,2,-0.806,5,1.836
622,1,1,1,0,0,0,2,4,3,1,100,2.25,1,2.25,1000,0.75,100,1.5,0,0,0,3,0.259,2,-1.232,2,-0.806,3,-0.164
623,1,2,0,1,0,0,1,3,4,0,100,2.5,1,4.5,1000,0.75,10,0.75,0,0,1,1,-1.741,2,-1.232,3,0.194,3,-0.164
624,1,3,0,0,1,0,1,4,2,0,1,3.5,100,3.5,100,1.5,1000,1.5,0,0,0,3,0.259,2,-1.232,2,-0.806,3,-0.164
625,1,1,1,0,0,0,2,4,3,1,10,4.5,10,2.25,10,2.5,10,1.5,1,0,0,3,0.259,5,1.768,4,1.194,3,-0.164
626,1,1,1,0,0,0,2,3,4,0,100,3.5,100,2.5,100,2.5,10,0.75,1,0,1,2,-0.741,5,1.768,1,-1.806,5,1.836
627,1,2,0,1,0,0,1,3,4,1,100,3.5,100,3.5,100,0.75,100,2.25,0,0,1,4,1.259,3,-0.232,1,-1.806,3,-0.164
628,1,3,0,0,1,0,1,4,2,0,1,3,1,4.5,10,0.75,1000,2.5,1,0,0,3,0.259,2,-1.232,1,-1.806,3,-0.164
629,1,2,0,1,0,0,1,4,3,0,10,3,100,3,1000,2.5,100,0.75,0,0,1,2,-0.741,2,-1.232,3,0.194,5,1.836
630,1,2,0,1,0,0,1,4,3,1,10,4.5,100,2.25,100,2.25,1000,0.75,1,0,1,4,1.259,2,-1.232,2,-0.806,3,-0.164
631,1,2,0,1,0,0,4,1,3,1,10,3,10,3,1000,0.75,100,2.5,0,1,0,1,-1.741,4,0.768,3,0.194,3,-0.164
632,1,2,0,1,0,0,3,4,1,0,100,4.5,10,2.5,10,2.5,1000,2.25,0,1,0,1,-1.741,4,0.768,1,-1.806,3,-0.164
633,1,1,1,0,0,0,2,4,3,1,100,2.25,100,4.5,100,2.25,10,1.5,0,1,1,2,-0.741,4,0.768,3,0.194,3,-0.164
634,1,2,0,1,0,0,1,3,4,1,100,2.25,1,2.25,1000,0.75,100,1.5,0,0,0,3,0.259,2,-1.232,3,0.194,3,-0.164
635,1,1,1,0,0,0,4,3,2,0,100,2.5,1,4.5,1000,0.75,10,0.75,0,1,1,2,-0.741,4,0.768,3,0.194,5,1.836
636,1,3,0,0,1,0,1,2,4,0,1,3.5,100,3.5,100,1.5,1000,1.5,0,0,0,2,-0.741,5,1.768,1,-1.806,5,1.836
637,1,2,0,1,0,0,1,3,4,1,10,4.5,10,2.25,10,2.5,10,1.5,0,1,1,3,0.259,2,-1.232,3,0.194,2,-1.164
638,1,4,0,0,0,1,2,3,1,0,100,3.5,100,2.5,100,2.5,10,0.75,0,0,1,3,0.259,3,-0.232,1,-1.806,3,-0.164
639,1,3,0,0,1,0,1,2,4,1,100,3.5,100,3.5,100,0.75,100,2.25,1,0,0,3,0.259,4,0.768,1,-1.806,5,1.836
640,1,1,1,0,0,0,2,3,4,0,1,3,1,4.5,10,0.75,1000,2.5,0,1,0,4,1.259,1,-2.232,5,2.194,4,0.836
641,1,4,0,0,0,1,2,1,3,0,10,3,100,3,1000,2.5,100,0.75,1,1,0,2,-0.741,3,-0.232,3,0.194,5,1.836
642,1,2,0,1,0,0,1,3,4,1,10,4.5,100,2.25,100,2.25,1000,0.75,1,0,0,3,0.259,1,-2.232,5,2.194,3,-0.164
643,1,3,0,0,1,0,2,1,4,1,10,3,10,3,1000,0.75,100,2.5,1,1,1,5,2.259,3,-0.232,4,1.194,3,-0.164
644,1,2,0,1,0,0,1,3,4,0,100,4.5,10,2.5,10,2.5,1000,2.25,1,0,1,5,2.259,4,0.768,5,2.194,4,0.836
645,1,4,0,0,0,1,3,1,2,1,100,2.25,100,4.5,100,2.25,10,1.5,1,1,0,1,-1.741,2,-1.232,1,-1.806,2,-1.164
646,1,4,0,0,0,1,2,3,1,1,100,2.25,1,2.25,1000,0.75,100,1.5,0,1,1,3,0.259,3,-0.232,4,1.194,1,-2.164
647,1,4,0,0,0,1,3,1,2,0,100,2.5,1,4.5,1000,0.75,10,0.75,1,0,0,1,-1.741,5,1.768,1,-1.806,5,1.836
648,1,1,1,0,0,0,3,4,2,0,1,3.5,100,3.5,100,1.5,1000,1.5,0,1,0,4,1.259,3,-0.232,3,0.194,3,-0.164
649,1,2,0,1,0,0,1,3,4,1,10,4.5,10,2.25,10,2.5,10,1.5,0,1,1,2,-0.741,5,1.768,3,0.194,2,-1.164
650,1,2,0,1,0,0,4,1,3,0,100,3.5,100,2.5,100,2.5,10,0.75,0,0,1,3,0.259,3,-0.232,5,2.194,4,0.836
651,1,2,0,1,0,0,1,4,3,1,100,3.5,100,3.5,100,0.75,100,2.25,0,1,0,2,-0.741,3,-0.232,3,0.194,3,-0.164
652,1,3,0,0,1,0,4,1,2,0,1,3,1,4.5,10,0.75,1000,2.5,0,1,0,1,-1.741,5,1.768,3,0.194,3,-0.164
653,1,1,1,0,0,0,2,3,4,0,10,3,100,3,1000,2.5,100,0.75,0,1,0,2,-0.741,5,1.768,1,-1.806,5,1.836
654,1,2,0,1,0,0,3,4,1,1,10,4.5,100,2.25,100,2.25,1000,0.75,0,1,1,3,0.259,5,1.768,3,0.194,3,-0.164
655,1,4,0,0,0,1,1,3,2,1,10,3,10,3,1000,0.75,100,2.5,0,0,0,1,-1.741,3,-0.232,2,-0.806,4,0.836
656,1,2,0,1,0,0,4,1,3,0,100,4.5,10,2.5,10,2.5,1000,2.25,1,0,1,1,-1.741,3,-0.232,1,-1.806,3,-0.164
657,1,1,1,0,0,0,2,3,4,1,100,2.25,100,4.5,100,2.25,10,1.5,1,0,1,1,-1.741,5,1.768,1,-1.806,3,-0.164
658,1,1,1,0,0,0,2,3,4,1,100,2.25,1,2.25,1000,0.75,100,1.5,0,1,0,3,0.259,3,-0.232,4,1.194,4,0.836
659,1,4,0,0,0,1,1,2,3,0,100,2.5,1,4.5,1000,0.75,10,0.75,0,0,1,1,-1.741,4,0.768,1,-1.806,4,0.836
660,1,3,0,0,1,0,2,4,1,0,1,3.5,100,3.5,100,1.5,1000,1.5,0,0,0,3,0.259,3,-0.232,1,-1.806,5,1.836
661,1,2,0,1,0,0,1,3,4,1,10,4.5,10,2.25,10,2.5,10,1.5,0,0,0,3,0.259,3,-0.232,3,0.194,3,-0.164
662,1,1,1,0,0,0,3,4,2,0,100,3.5,100,2.5,100,2.5,10,0.75,0,0,1,4,1.259,3,-0.232,4,1.194,3,-0.164
663,1,1,1,0,0,0,3,2,4,1,100,3.5,100,3.5,100,0.75,100,2.25,0,0,0,5,2.259,3,-0.232,5,2.194,3,-0.164
664,1,3,0,0,1,0,4,2,1,0,1,3,1,4.5,10,0.75,1000,2.5,1,1,0,1,-1.741,4,0.768,3,0.194,3,-0.164
665,1,2,0,1,0,0,1,4,3,0,10,3,100,3,1000,2.5,100,0.75,0,0,0,3,0.259,1,-2.232,3,0.194,3,-0.164
666,1,4,0,0,0,1,2,1,3,1,10,4.5,100,2.25,100,2.25,1000,0.75,1,0,0,5,2.259,5,1.768,2,-0.806,4,0.836
667,1,2,0,1,0,0,4,3,1,1,10,3,10,3,1000,0.75,100,2.5,0,1,0,1,-1.741,4,0.768,2,-0.806,3,-0.164
668,1,2,0,1,0,0,3,4,1,0,100,4.5,10,2.5,10,2.5,1000,2.25,1,0,0,4,1.259,4,0.768,3,0.194,4,0.836
669,1,1,1,0,0,0,4,2,3,1,100,2.25,100,4.5,100,2.25,10,1.5,1,1,0,4,1.259,2,-1.232,1,-1.806,4,0.836
670,1,2,0,1,0,0,1,4,3,1,100,2.25,1,2.25,1000,0.75,100,1.5,0,0,1,5,2.259,3,-0.232,2,-0.806,5,1.836
671,1,4,0,0,0,1,3,1,2,0,100,2.5,1,4.5,1000,0.75,10,0.75,1,0,1,1,-1.741,5,1.768,2,-0.806,5,1.836
672,1,1,1,0,0,0,2,4,3,0,1,3.5,100,3.5,100,1.5,1000,1.5,0,0,0,3,0.259,5,1.768,1,-1.806,3,-0.164
673,1,2,0,1,0,0,1,3,4,1,10,4.5,10,2.25,10,2.5,10,1.5,0,0,0,3,0.259,1,-2.232,5,2.194,4,0.836
674,1,1,1,0,0,0,2,3,4,0,100,3.5,100,2.5,100,2.5,10,0.75,0,1,0,3,0.259,1,-2.232,1,-1.806,3,-0.164
675,1,2,0,1,0,0,3,4,1,1,100,3.5,100,3.5,100,0.75,100,2.25,0,0,1,4,1.259,3,-0.232,1,-1.806,4,0.836
676,1,3,0,0,1,0,1,4,2,0,1,3,1,4.5,10,0.75,1000,2.5,0,0,0,5,2.259,3,-0.232,4,1.194,3,-0.164
677,1,2,0,1,0,0,1,4,3,0,10,3,100,3,1000,2.5,100,0.75,0,0,1,5,2.259,4,0.768,4,1.194,4,0.836
678,1,4,0,0,0,1,2,3,1,1,10,4.5,100,2.25,100,2.25,1000,0.75,1,0,0,3,0.259,3,-0.232,2,-0.806,3,-0.164
679,1,3,0,0,1,0,1,4,2,1,10,3,10,3,1000,0.75,100,2.5,1,1,0,1,-1.741,5,1.768,1,-1.806,5,1.836
680,1,1,1,0,0,0,2,4,3,0,100,4.5,10,2.5,10,2.5,1000,2.25,0,1,1,3,0.259,2,-1.232,3,0.194,4,0.836
681,1,3,0,0,1,0,4,1,2,1,100,2.25,100,4.5,100,2.25,10,1.5,0,0,0,1,-1.741,4,0.768,1,-1.806,3,-0.164
682,1,2,0,1,0,0,4,3,1,1,100,2.25,1,2.25,1000,0.75,100,1.5,0,1,0,5,2.259,3,-0.232,3,0.194,3,-0.164
683,1,4,0,0,0,1,1,3,2,0,100,2.5,1,4.5,1000,0.75,10,0.75,0,0,0,3,0.259,3,-0.232,3,0.194,3,-0.164
684,1,4,0,0,0,1,3,1,2,0,1,3.5,100,3.5,100,1.5,1000,1.5,1,0,0,1,-1.741,3,-0.232,2,-0.806,5,1.836
685,1,3,0,0,1,0,4,1,2,1,10,4.5,10,2.25,10,2.5,10,1.5,0,1,1,3,0.259,1,-2.232,5,2.194,5,1.836
686,1,2,0,1,0,0,4,3,1,0,100,3.5,100,2.5,100,2.5,10,0.75,0,1,0,4,1.259,1,-2.232,3,0.194,3,-0.164
687,1,3,0,0,1,0,4,2,1,1,100,3.5,100,3.5,100,0.75,100,2.25,0,1,0,5,2.259,3,-0.232,3,0.194,1,-2.164
688,1,1,1,0,0,0,3,2,4,0,1,3,1,4.5,10,0.75,1000,2.5,1,0,1,3,0.259,5,1.768,3,0.194,3,-0.164
689,1,2,0,1,0,0,4,1,3,0,10,3,100,3,1000,2.5,100,0.75,0,0,1,3,0.259,3,-0.232,4,1.194,1,-2.164
690,1,2,0,1,0,0,4,1,3,1,10,4.5,100,2.25,100,2.25,1000,0.75,1,1,1,3,0.259,1,-2.232,2,-0.806,1,-2.164
691,1,1,1,0,0,0,2,4,3,1,10,3,10,3,1000,0.75,100,2.5,0,0,1,4,1.259,5,1.768,3,0.194,3,-0.164
692,1,1,1,0,0,0,2,4,3,0,100,4.5,10,2.5,10,2.5,1000,2.25,1,1,0,2,-0.741,3,-0.232,2,-0.806,5,1.836
693,1,1,1,0,0,0,2,4,3,1,100,2.25,100,4.5,100,2.25,10,1.5,0,1,0,4,1.259,2,-1.232,3,0.194,3,-0.164
694,1,4,0,0,0,1,1,2,3,1,100,2.25,1,2.25,1000,0.75,100,1.5,1,1,0,3,0.259,1,-2.232,2,-0.806,2,-1.164
695,1,3,0,0,1,0,1,2,4,0,100,2.5,1,4.5,1000,0.75,10,0.75,1,0,0,2,-0.741,3,-0.232,5,2.194,5,1.836
696,1,1,1,0,0,0,2,4,3,0,1,3.5,100,3.5,100,1.5,1000,1.5,0,1,1,1,-1.741,4,0.768,1,-1.806,2,-1.164
697,1,4,0,0,0,1,1,2,3,1,10,4.5,10,2.25,10,2.5,10,1.5,1,1,0,3,0.259,3,-0.232,3,0.194,3,-0.164
698,1,2,0,1,0,0,3,1,4,0,100,3.5,100,2.5,100,2.5,10,0.75,0,0,0,2,-0.741,2,-1.232,5,2.194,5,1.836
699,1,3,0,0,1,0,2,1,4,1,100,3.5,100,3.5,100,0.75,100,2.25,0,0,0,4,1.259,5,1.768,3,0.194,4,0.836
700,1,2,0,1,0,0,3,4,1,0,1,3,1,4.5,10,0.75,1000,2.5,1,0,1,1,-1.741,3,-0.232,1,-1.806,5,1.836
701,1,2,0,1,0,0,1,3,4,0,10,3,100,3,1000,2.5,100,0.75,0,0,0,3,0.259,3,-0.232,4,1.194,3,-0.164
702,1,2,0,1,0,0,1,3,4,1,10,4.5,100,2.25,100,2.25,1000,0.75,1,1,0,3,0.259,3,-0.232,1,-1.806,3,-0.164
703,1,1,1,0,0,0,3,4,2,1,10,3,10,3,1000,0.75,100,2.5,0,1,1,5,2.259,2,-1.232,1,-1.806,2,-1.164
704,1,2,0,1,0,0,3,4,1,0,100,4.5,10,2.5,10,2.5,1000,2.25,0,0,0,5,2.259,1,-2.232,3,0.194,3,-0.164
705,1,3,0,0,1,0,4,1,2,1,100,2.25,100,4.5,100,2.25,10,1.5,1,1,1,2,-0.741,5,1.768,2,-0.806,3,-0.164
706,1,2,0,1,0,0,1,3,4,1,100,2.25,1,2.25,1000,0.75,100,1.5,0,0,1,5,2.259,2,-1.232,5,2.194,4,0.836
707,1,1,1,0,0,0,4,2,3,0,100,2.5,1,4.5,1000,0.75,10,0.75,0,1,0,3,0.259,3,-0.232,2,-0.806,3,-0.164
708,1,2,0,1,0,0,3,1,4,0,1,3.5,100,3.5,100,1.5,1000,1.5,1,1,1,1,-1.741,3,-0.232,5,2.194,3,-0.164
709,1,1,1,0,0,0,2,3,4,1,10,4.5,10,2.25,10,2.5,10,1.5,1,0,1,4,1.259,3,-0.232,5,2.194,3,-0.164
710,1,2,0,1,0,0,4,1,3,0,100,3.5,100,2.5,100,2.5,10,0.75,0,1,0,1,-1.741,2,-1.232,5,2.194,1,-2.164
711,1,3,0,0,1,0,2,4,1,1,100,3.5,100,3.5,100,0.75,100,2.25,0,1,1,5,2.259,3,-0.232,5,2.194,3,-0.164
712,1,3,0,0,1,0,2,4,1,0,1,3,1,4.5,10,0.75,1000,2.5,0,1,1,4,1.259,4,0.768,4,1.194,3,-0.164
713,1,2,0,1,0,0,4,1,3,0,10,3,100,3,1000,2.5,100,0.75,0,0,0,3,0.259,3,-0.232,3,0.194,3,-0.164
714,1,2,0,1,0,0,4,1,3,1,10,4.5,100,2.25,100,2.25,1000,0.75,1,0,1,5,2.259,3,-0.232,4,1.194,1,-2.164
715,1,1,1,0,0,0,4,2,3,1,10,3,10,3,1000,0.75,100,2.5,0,0,0,3,0.259,3,-0.232,5,2.194,2,-1.164
716,1,4,0,0,0,1,2,1,3,0,100,4.5,10,2.5,10,2.5,1000,2.25,0,0,0,3,0.259,3,-0.232,2,-0.806,3,-0.164
717,1,1,1,0,0,0,4,2,3,1,100,2.25,100,4.5,100,2.25,10,1.5,0,0,0,5,2.259,4,0.768,2,-0.806,4,0.836
718,1,2,0,1,0,0,1,4,3,1,100,2.25,1,2.25,1000,0.75,100,1.5,0,0,0,3,0.259,3,-0.232,3,0.194,3,-0.164
719,1,4,0,0,0,1,1,3,2,0,100,2.5,1,4.5,1000,0.75,10,0.75,1,0,0,2,-0.741,3,-0.232,1,-1.806,4,0.836
720,1,1,1,0,0,0,2,3,4,0,1,3.5,100,3.5,100,1.5,1000,1.5,1,0,1,3,0.259,4,0.768,3,0.194,5,1.836
721,1,4,0,0,0,1,2,1,3,1,10,4.5,10,2.25,10,2.5,10,1.5,1,0,0,1,-1.741,5,1.768,3,0.194,4,0.836
722,1,1,1,0,0,0,4,2,3,0,100,3.5,100,2.5,100,2.5,10,0.75,1,0,1,3,0.259,5,1.768,4,1.194,3,-0.164
723,1,2,0,1,0,0,1,4,3,1,100,3.5,100,3.5,100,0.75,100,2.25,0,1,1,2,-0.741,3,-0.232,3,0.194,3,-0.164
724,1,3,0,0,1,0,2,4,1,0,1,3,1,4.5,10,0.75,1000,2.5,0,0,0,1,-1.741,3,-0.232,1,-1.806,3,-0.164
725,1,2,0,1,0,0,1,3,4,0,10,3,100,3,1000,2.5,100,0.75,0,0,1,5,2.259,3,-0.232,3,0.194,1,-2.164
726,1,2,0,1,0,0,1,3,4,1,10,4.5,100,2.25,100,2.25,1000,0.75,0,1,0,3,0.259,4,0.768,4,1.194,5,1.836
727,1,1,1,0,0,0,3,2,4,1,10,3,10,3,1000,0.75,100,2.5,0,0,0,3,0.259,3,-0.232,5,2.194,5,1.836
728,1,2,0,1,0,0,1,3,4,0,100,4.5,10,2.5,10,2.5,1000,2.25,0,0,1,3,0.259,2,-1.232,3,0.194,3,-0.164
729,1,1,1,0,0,0,3,2,4,1,100,2.25,100,4.5,100,2.25,10,1.5,0,0,0,5,2.259,4,0.768,2,-0.806,3,-0.164
730,1,2,0,1,0,0,4,1,3,1,100,2.25,1,2.25,1000,0.75,100,1.5,0,1,0,1,-1.741,3,-0.232,1,-1.806,2,-1.164
731,1,1,1,0,0,0,4,3,2,0,100,2.5,1,4.5,1000,0.75,10,0.75,0,1,1,3,0.259,3,-0.232,5,2.194,2,-1.164
732,1,2,0,1,0,0,1,4,3,0,1,3.5,100,3.5,100,1.5,1000,1.5,0,0,0,4,1.259,1,-2.232,3,0.194,3,-0.164
733,1,4,0,0,0,1,3,2,1,1,10,4.5,10,2.25,10,2.5,10,1.5,1,0,0,4,1.259,3,-0.232,2,-0.806,2,-1.164
734,1,4,0,0,0,1,2,1,3,0,100,3.5,100,2.5,100,2.5,10,0.75,1,0,0,1,-1.741,3,-0.232,3,0.194,3,-0.164
735,1,2,0,1,0,0,3,4,1,1,100,3.5,100,3.5,100,0.75,100,2.25,0,1,0,2,-0.741,5,1.768,3,0.194,3,-0.164
736,1,1,1,0,0,0,3,4,2,0,1,3,1,4.5,10,0.75,1000,2.5,0,1,0,3,0.259,1,-2.232,4,1.194,3,-0.164
737,1,2,0,1,0,0,1,3,4,0,10,3,100,3,1000,2.5,100,0.75,1,0,1,1,-1.741,3,-0.232,5,2.194,3,-0.164
738,1,2,0,1,0,0,3,1,4,1,10,4.5,100,2.25,100,2.25,1000,0.75,1,1,0,4,1.259,5,1.768,1,-1.806,5,1.836
739,1,1,1,0,0,0,3,2,4,1,10,3,10,3,1000,0.75,100,2.5,0,0,1,5,2.259,3,-0.232,4,1.194,4,0.836
740,1,2,0,1,0,0,1,4,3,0,100,4.5,10,2.5,10,2.5,1000,2.25,0,1,0,2,-0.741,3,-0.232,4,1.194,3,-0.164
741,1,3,0,0,1,0,1,4,2,1,100,2.25,100,4.5,100,2.25,10,1.5,1,1,0,2,-0.741,5,1.768,3,0.194,4,0.836
742,1,2,0,1,0,0,1,3,4,1,100,2.25,1,2.25,1000,0.75,100,1.5,1,0,0,3,0.259,5,1.768,5,2.194,4,0.836
743,1,1,1,0,0,0,2,3,4,0,100,2.5,1,4.5,1000,0.75,10,0.75,1,0,0,5,2.259,2,-1.232,1,-1.806,4,0.836
744,1,3,0,0,1,0,2,4,1,0,1,3.5,100,3.5,100,1.5,1000,1.5,1,0,0,3,0.259,3,-0.232,2,-0.806,4,0.836
745,1,3,0,0,1,0,1,4,2,1,10,4.5,10,2.25,10,2.5,10,1.5,1,1,1,4,1.259,3,-0.232,1,-1.806,3,-0.164
746,1,4,0,0,0,1,2,3,1,0,100,3.5,100,2.5,100,2.5,10,0.75,1,1,0,2,-0.741,5,1.768,3,0.194,5,1.836
747,1,2,0,1,0,0,4,3,1,1,100,3.5,100,3.5,100,0.75,100,2.25,0,1,0,1,-1.741,1,-2.232,3,0.194,1,-2.164
748,1,3,0,0,1,0,4,1,2,0,1,3,1,4.5,10,0.75,1000,2.5,1,1,0,5,2.259,3,-0.232,5,2.194,2,-1.164
749,1,2,0,1,0,0,4,1,3,0,10,3,100,3,1000,2.5,100,0.75,1,1,1,3,0.259,5,1.768,3,0.194,2,-1.164
750,1,2,0,1,0,0,1,4,3,1,10,4.5,100,2.25,100,2.25,1000,0.75,0,0,1,4,1.259,3,-0.232,5,2.194,2,-1.164
751,1,2,0,1,0,0,4,1,3,1,10,3,10,3,1000,0.75,100,2.5,0,0,1,3,0.259,3,-0.232,4,1.194,3,-0.164
752,1,2,0,1,0,0,1,3,4,0,100,4.5,10,2.5,10,2.5,1000,2.25,1,1,0,3,0.259,1,-2.232,3,0.194,3,-0.164
753,1,1,1,0,0,0,3,4,2,1,100,2.25,100,4.5,100,2.25,10,1.5,1,0,0,1,-1.741,3,-0.232,3,0.194,5,1.836
754,1,2,0,1,0,0,1,4,3,1,100,2.25,1,2.25,1000,0.75,100,1.5,1,0,0,3,0.259,2,-1.232,3,0.194,3,-0.164
755,1,1,1,0,0,0,4,2,3,0,100,2.5,1,4.5,1000,0.75,10,0.75,1,0,0,3,0.259,4,0.768,3,0.194,3,-0.164
756,1,2,0,1,0,0,1,3,4,0,1,3.5,100,3.5,100,1.5,1000,1.5,1,0,0,3,0.259,2,-1.232,2,-0.806,3,-0.164
757,1,2,0,1,0,0,1,4,3,1,10,4.5,10,2.25,10,2.5,10,1.5,0,0,0,3,0.259,3,-0.232,4,1.194,3,-0.164
758,1,2,0,1,0,0,1,4,3,0,100,3.5,100,2.5,100,2.5,10,0.75,1,1,0,1,-1.741,5,1.768,3,0.194,5,1.836
759,1,2,0,1,0,0,1,4,3,1,100,3.5,100,3.5,100,0.75,100,2.25,1,0,0,1,-1.741,2,-1.232,1,-1.806,2,-1.164
760,1,4,0,0,0,1,1,3,2,0,1,3,1,4.5,10,0.75,1000,2.5,1,0,0,3,0.259,1,-2.232,2,-0.806,5,1.836
761,1,2,0,1,0,0,1,4,3,0,10,3,100,3,1000,2.5,100,0.75,0,1,0,3,0.259,4,0.768,2,-0.806,3,-0.164
762,1,2,0,1,0,0,1,4,3,1,10,4.5,100,2.25,100,2.25,1000,0.75,0,1,1,4,1.259,3,-0.232,1,-1.806,1,-2.164
763,1,1,1,0,0,0,2,4,3,1,10,3,10,3,1000,0.75,100,2.5,0,1,0,1,-1.741,3,-0.232,1,-1.806,3,-0.164
764,1,2,0,1,0,0,3,1,4,0,100,4.5,10,2.5,10,2.5,1000,2.25,1,0,1,2,-0.741,5,1.768,1,-1.806,4,0.836
765,1,1,1,0,0,0,3,4,2,1,100,2.25,100,4.5,100,2.25,10,1.5,1,0,1,5,2.259,3,-0.232,3,0.194,5,1.836
766,1,2,0,1,0,0,4,1,3,1,100,2.25,1,2.25,1000,0.75,100,1.5,1,1,1,5,2.259,5,1.768,3,0.194,3,-0.164
767,1,3,0,0,1,0,1,4,2,0,100,2.5,1,4.5,1000,0.75,10,0.75,0,0,1,3,0.259,5,1.768,3,0.194,4,0.836
768,1,1,1,0,0,0,3,2,4,0,1,3.5,100,3.5,100,1.5,1000,1.5,1,1,0,1,-1.741,2,-1.232,1,-1.806,5,1.836
769,1,3,0,0,1,0,2,4,1,1,10,4.5,10,2.25,10,2.5,10,1.5,0,0,1,4,1.259,3,-0.232,4,1.194,2,-1.164
770,1,2,0,1,0,0,3,4,1,0,100,3.5,100,2.5,100,2.5,10,0.75,0,1,1,3,0.259,3,-0.232,3,0.194,3,-0.164
771,1,1,1,0,0,0,2,3,4,1,100,3.5,100,3.5,100,0.75,100,2.25,0,1,0,5,2.259,3,-0.232,4,1.194,2,-1.164
772,1,2,0,1,0,0,1,3,4,0,1,3,1,4.5,10,0.75,1000,2.5,0,0,1,5,2.259,1,-2.232,3,0.194,2,-1.164
773,1,2,0,1,0,0,4,3,1,0,10,3,100,3,1000,2.5,100,0.75,1,0,0,1,-1.741,3,-0.232,1,-1.806,2,-1.164
774,1,2,0,1,0,0,4,3,1,1,10,4.5,100,2.25,100,2.25,1000,0.75,0,0,0,3,0.259,4,0.768,5,2.194,4,0.836
775,1,1,1,0,0,0,2,3,4,1,10,3,10,3,1000,0.75,100,2.5,1,0,1,3,0.259,5,1.768,3,0.194,3,-0.164
776,1,1,1,0,0,0,3,4,2,0,100,4.5,10,2.5,10,2.5,1000,2.25,0,0,0,3,0.259,5,1.768,5,2.194,5,1.836
777,1,2,0,1,0,0,4,1,3,1,100,2.25,100,4.5,100,2.25,10,1.5,1,0,0,1,-1.741,4,0.768,1,-1.806,5,1.836
778,1,2,0,1,0,0,4,1,3,1,100,2.25,1,2.25,1000,0.75,100,1.5,1,1,1,3,0.259,4,0.768,1,-1.806,3,-0.164
779,1,4,0,0,0,1,1,2,3,0,100,2.5,1,4.5,1000,0.75,10,0.75,1,1,0,3,0.259,4,0.768,4,1.194,3,-0.164
780,1,3,0,0,1,0,4,2,1,0,1,3.5,100,3.5,100,1.5,1000,1.5,1,1,0,1,-1.741,4,0.768,1,-1.806,4,0.836
781,1,3,0,0,1,0,4,2,1,1,10,4.5,10,2.25,10,2.5,10,1.5,1,0,1,4,1.259,3,-0.232,5,2.194,5,1.836
782,1,1,1,0,0,0,2,3,4,0,100,3.5,100,2.5,100,2.5,10,0.75,0,1,0,3,0.259,3,-0.232,1,-1.806,4,0.836
783,1,2,0,1,0,0,3,1,4,1,100,3.5,100,3.5,100,0.75,100,2.25,0,0,1,3,0.259,3,-0.232,3,0.194,2,-1.164
784,1,2,0,1,0,0,3,4,1,0,1,3,1,4.5,10,0.75,1000,2.5,0,1,0,3,0.259,3,-0.232,5,2.194,4,0.836
785,1,2,0,1,0,0,1,4,3,0,10,3,100,3,1000,2.5,100,0.75,1,0,1,5,2.259,1,-2.232,5,2.194,3,-0.164
786,1,2,0,1,0,0,1,3,4,1,10,4.5,100,2.25,100,2.25,1000,0.75,0,1,0,3,0.259,4,0.768,5,2.194,4,0.836
787,1,1,1,0,0,0,3,4,2,1,10,3,10,3,1000,0.75,100,2.5,1,0,1,3,0.259,5,1.768,1,-1.806,3,-0.164
788,1,1,1,0,0,0,2,3,4,0,100,4.5,10,2.5,10,2.5,1000,2.25,0,0,0,1,-1.741,3,-0.232,2,-0.806,5,1.836
789,1,1,1,0,0,0,3,2,4,1,100,2.25,100,4.5,100,2.25,10,1.5,0,0,1,5,2.259,5,1.768,4,1.194,2,-1.164
790,1,2,0,1,0,0,4,1,3,1,100,2.25,1,2.25,1000,0.75,100,1.5,0,0,1,4,1.259,2,-1.232,2,-0.806,3,-0.164
791,1,1,1,0,0,0,2,4,3,0,100,2.5,1,4.5,1000,0.75,10,0.75,0,0,1,2,-0.741,2,-1.232,3,0.194,3,-0.164
792,1,2,0,1,0,0,4,3,1,0,1,3.5,100,3.5,100,1.5,1000,1.5,1,0,1,3,0.259,2,-1.232,3,0.194,5,1.836
793,1,2,0,1,0,0,3,1,4,1,10,4.5,10,2.25,10,2.5,10,1.5,0,0,0,1,-1.741,5,1.768,2,-0.806,5,1.836
794,1,4,0,0,0,1,2,1,3,0,100,3.5,100,2.5,100,2.5,10,0.75,1,1,0,3,0.259,5,1.768,2,-0.806,5,1.836
795,1,2,0,1,0,0,3,1,4,1,100,3.5,100,3.5,100,0.75,100,2.25,0,1,0,3,0.259,2,-1.232,2,-0.806,4,0.836
796,1,2,0,1,0,0,3,4,1,0,1,3,1,4.5,10,0.75,1000,2.5,0,0,0,5,2.259,3,-0.232,2,-0.806,3,-0.164
797,1,2,0,1,0,0,1,3,4,0,10,3,100,3,1000,2.5,100,0.75,0,1,0,4,1.259,1,-2.232,2,-0.806,3,-0.164
798,1,4,0,0,0,1,2,3,1,1,10,4.5,100,2.25,100,2.25,1000,0.75,1,0,1,1,-1.741,5,1.768,2,-0.806,4,0.836
799,1,1,1,0,0,0,2,3,4,1,10,3,10,3,1000,0.75,100,2.5,0,1,0,2,-0.741,4,0.768,3,0.194,3,-0.164
800,1,2,0,1,0,0,4,1,3,0,100,4.5,10,2.5,10,2.5,1000,2.25,0,1,0,5,2.259,4,0.768,3,0.194,4,0.836
801,1,1,1,0,0,0,4,2,3,1,100,2.25,100,4.5,100,2.25,10,1.5,0,0,1,5,2.259,5,1.768,3,0.194,3,-0.164
802,1,2,0,1,0,0,1,4,3,1,100,2.25,1,2.25,1000,0.75,100,1.5,0,0,1,4,1.259,5,1.768,4,1.194,3,-0.164
803,1,4,0,0,0,1,3,2,1,0,100,2.5,1,4.5,1000,0.75,10,0.75,0,0,1,5,2.259,5,1.768,3,0.194,3,-0.164
804,1,2,0,1,0,0,1,4,3,0,1,3.5,100,3.5,100,1.5,1000,1.5,0,0,1,2,-0.741,2,-1.232,3,0.194,3,-0.164
805,1,2,0,1,0,0,3,4,1,1,10,4.5,10,2.25,10,2.5,10,1.5,1,0,0,1,-1.741,3,-0.232,2,-0.806,3,-0.164
806,1,4,0,0,0,1,3,2,1,0,100,3.5,100,2.5,100,2.5,10,0.75,0,0,0,2,-0.741,3,-0.232,3,0.194,3,-0.164
807,1,4,0,0,0,1,2,1,3,1,100,3.5,100,3.5,100,0.75,100,2.25,0,1,0,3,0.259,4,0.768,3,0.194,3,-0.164
808,1,3,0,0,1,0,1,2,4,0,1,3,1,4.5,10,0.75,1000,2.5,0,0,0,3,0.259,3,-0.232,4,1.194,1,-2.164
809,1,2,0,1,0,0,3,4,1,0,10,3,100,3,1000,2.5,100,0.75,0,0,0,1,-1.741,4,0.768,1,-1.806,4,0.836
810,1,3,0,0,1,0,2,4,1,1,10,4.5,100,2.25,100,2.25,1000,0.75,1,0,0,1,-1.741,5,1.768,4,1.194,5,1.836
811,1,1,1,0,0,0,3,4,2,1,10,3,10,3,1000,0.75,100,2.5,0,0,0,3,0.259,1,-2.232,5,2.194,3,-0.164
812,1,2,0,1,0,0,3,4,1,0,100,4.5,10,2.5,10,2.5,1000,2.25,1,0,0,3,0.259,3,-0.232,3,0.194,5,1.836
813,1,3,0,0,1,0,1,4,2,1,100,2.25,100,4.5,100,2.25,10,1.5,1,1,0,1,-1.741,3,-0.232,3,0.194,1,-2.164
814,1,2,0,1,0,0,1,3,4,1,100,2.25,1,2.25,1000,0.75,100,1.5,0,0,0,3,0.259,5,1.768,4,1.194,3,-0.164
815,1,4,0,0,0,1,1,2,3,0,100,2.5,1,4.5,1000,0.75,10,0.75,0,0,0,1,-1.741,2,-1.232,1,-1.806,3,-0.164
816,1,2,0,1,0,0,3,1,4,0,1,3.5,100,3.5,100,1.5,1000,1.5,0,1,0,2,-0.741,3,-0.232,2,-0.806,3,-0.164
817,1,3,0,0,1,0,1,4,2,1,10,4.5,10,2.25,10,2.5,10,1.5,0,1,1,3,0.259,5,1.768,5,2.194,5,1.836
818,1,3,0,0,1,0,2,4,1,0,100,3.5,100,2.5,100,2.5,10,0.75,1,0,1,3,0.259,3,-0.232,2,-0.806,3,-0.164
819,1,3,0,0,1,0,1,2,4,1,100,3.5,100,3.5,100,0.75,100,2.25,0,1,1,3,0.259,3,-0.232,1,-1.806,4,0.836
820,1,1,1,0,0,0,4,3,2,0,1,3,1,4.5,10,0.75,1000,2.5,0,1,0,3,0.259,2,-1.232,3,0.194,1,-2.164
821,1,4,0,0,0,1,2,1,3,0,10,3,100,3,1000,2.5,100,0.75,1,0,1,1,-1.741,5,1.768,1,-1.806,5,1.836
822,1,2,0,1,0,0,3,1,4,1,10,4.5,100,2.25,100,2.25,1000,0.75,1,1,0,1,-1.741,5,1.768,4,1.194,3,-0.164
823,1,4,0,0,0,1,1,3,2,1,10,3,10,3,1000,0.75,100,2.5,0,0,0,3,0.259,3,-0.232,3,0.194,2,-1.164
824,1,3,0,0,1,0,2,1,4,0,100,4.5,10,2.5,10,2.5,1000,2.25,1,0,0,2,-0.741,4,0.768,3,0.194,3,-0.164
825,1,4,0,0,0,1,1,2,3,1,100,2.25,100,4.5,100,2.25,10,1.5,1,0,1,3,0.259,3,-0.232,2,-0.806,3,-0.164
826,1,2,0,1,0,0,1,4,3,1,100,2.25,1,2.25,1000,0.75,100,1.5,1,0,0,3,0.259,5,1.768,4,1.194,3,-0.164
827,1,1,1,0,0,0,2,4,3,0,100,2.5,1,4.5,1000,0.75,10,0.75,0,0,0,4,1.259,4,0.768,1,-1.806,1,-2.164
828,1,2,0,1,0,0,1,4,3,0,1,3.5,100,3.5,100,1.5,1000,1.5,0,1,0,5,2.259,3,-0.232,1,-1.806,1,-2.164
829,1,4,0,0,0,1,2,1,3,1,10,4.5,10,2.25,10,2.5,10,1.5,1,0,1,2,-0.741,3,-0.232,3,0.194,2,-1.164
830,1,2,0,1,0,0,1,3,4,0,100,3.5,100,2.5,100,2.5,10,0.75,1,0,0,3,0.259,1,-2.232,3,0.194,2,-1.164
831,1,1,1,0,0,0,2,3,4,1,100,3.5,100,3.5,100,0.75,100,2.25,1,0,0,3,0.259,5,1.768,2,-0.806,3,-0.164
832,1,3,0,0,1,0,2,1,4,0,1,3,1,4.5,10,0.75,1000,2.5,1,1,0,3,0.259,5,1.768,1,-1.806,4,0.836
833,1,2,0,1,0,0,1,4,3,0,10,3,100,3,1000,2.5,100,0.75,0,1,0,1,-1.741,5,1.768,2,-0.806,3,-0.164
834,1,4,0,0,0,1,2,1,3,1,10,4.5,100,2.25,100,2.25,1000,0.75,1,0,0,3,0.259,4,0.768,4,1.194,3,-0.164
835,1,1,1,0,0,0,4,3,2,1,10,3,10,3,1000,0.75,100,2.5,0,1,1,4,1.259,5,1.768,3,0.194,5,1.836
836,1,3,0,0,1,0,2,1,4,0,100,4.5,10,2.5,10,2.5,1000,2.25,0,0,1,3,0.259,3,-0.232,2,-0.806,2,-1.164
837,1,1,1,0,0,0,3,4,2,1,100,2.25,100,4.5,100,2.25,10,1.5,1,1,1,3,0.259,4,0.768,3,0.194,1,-2.164
838,1,2,0,1,0,0,1,4,3,1,100,2.25,1,2.25,1000,0.75,100,1.5,0,0,0,3,0.259,3,-0.232,4,1.194,3,-0.164
839,1,4,0,0,0,1,1,2,3,0,100,2.5,1,4.5,1000,0.75,10,0.75,1,0,1,1,-1.741,3,-0.232,3,0.194,3,-0.164
840,1,2,0,1,0,0,3,1,4,0,1,3.5,100,3.5,100,1.5,1000,1.5,0,1,1,4,1.259,2,-1.232,3,0.194,2,-1.164
841,1,4,0,0,0,1,3,1,2,1,10,4.5,10,2.25,10,2.5,10,1.5,1,1,0,3,0.259,3,-0.232,1,-1.806,4,0.836
842,1,4,0,0,0,1,1,2,3,0,100,3.5,100,2.5,100,2.5,10,0.75,0,0,0,2,-0.741,5,1.768,3,0.194,5,1.836
843,1,2,0,1,0,0,3,1,4,1,100,3.5,100,3.5,100,0.75,100,2.25,0,0,0,3,0.259,4,0.768,3,0.194,3,-0.164
844,1,3,0,0,1,0,4,1,2,0,1,3,1,4.5,10,0.75,1000,2.5,0,1,0,2,-0.741,3,-0.232,5,2.194,1,-2.164
845,1,2,0,1,0,0,1,3,4,0,10,3,100,3,1000,2.5,100,0.75,0,0,0,1,-1.741,5,1.768,2,-0.806,3,-0.164
846,1,2,0,1,0,0,1,3,4,1,10,4.5,100,2.25,100,2.25,1000,0.75,0,1,0,4,1.259,2,-1.232,3,0.194,4,0.836
847,1,1,1,0,0,0,2,4,3,1,10,3,10,3,1000,0.75,100,2.5,0,1,1,2,-0.741,3,-0.232,1,-1.806,2,-1.164
848,1,2,0,1,0,0,4,3,1,0,100,4.5,10,2.5,10,2.5,1000,2.25,0,1,1,3,0.259,5,1.768,5,2.194,3,-0.164
849,1,4,0,0,0,1,1,3,2,1,100,2.25,100,4.5,100,2.25,10,1.5,1,1,0,2,-0.741,5,1.768,1,-1.806,5,1.836
850,1,4,0,0,0,1,2,1,3,1,100,2.25,1,2.25,1000,0.75,100,1.5,0,1,1,3,0.259,3,-0.232,2,-0.806,3,-0.164
851,1,1,1,0,0,0,4,3,2,0,100,2.5,1,4.5,1000,0.75,10,0.75,1,1,0,3,0.259,4,0.768,3,0.194,1,-2.164
852,1,3,0,0,1,0,1,4,2,0,1,3.5,100,3.5,100,1.5,1000,1.5,0,1,0,3,0.259,4,0.768,2,-0.806,4,0.836
853,1,4,0,0,0,1,2,1,3,1,10,4.5,10,2.25,10,2.5,10,1.5,0,1,0,1,-1.741,2,-1.232,3,0.194,1,-2.164
854,1,2,0,1,0,0,3,1,4,0,100,3.5,100,2.5,100,2.5,10,0.75,0,1,1,3,0.259,3,-0.232,3,0.194,3,-0.164
855,1,4,0,0,0,1,3,2,1,1,100,3.5,100,3.5,100,0.75,100,2.25,0,0,0,3,0.259,3,-0.232,5,2.194,2,-1.164
856,1,2,0,1,0,0,3,1,4,0,1,3,1,4.5,10,0.75,1000,2.5,0,0,1,5,2.259,1,-2.232,5,2.194,3,-0.164
857,1,2,0,1,0,0,4,1,3,0,10,3,100,3,1000,2.5,100,0.75,0,0,0,3,0.259,1,-2.232,3,0.194,3,-0.164
858,1,2,0,1,0,0,3,1,4,1,10,4.5,100,2.25,100,2.25,1000,0.75,0,0,1,1,-1.741,3,-0.232,3,0.194,1,-2.164
859,1,1,1,0,0,0,2,4,3,1,10,3,10,3,1000,0.75,100,2.5,1,1,0,3,0.259,5,1.768,3,0.194,4,0.836
860,1,2,0,1,0,0,3,4,1,0,100,4.5,10,2.5,10,2.5,1000,2.25,0,0,1,3,0.259,3,-0.232,2,-0.806,3,-0.164
861,1,1,1,0,0,0,4,2,3,1,100,2.25,100,4.5,100,2.25,10,1.5,1,1,1,3,0.259,3,-0.232,3,0.194,1,-2.164
862,1,2,0,1,0,0,3,1,4,1,100,2.25,1,2.25,1000,0.75,100,1.5,0,1,1,4,1.259,2,-1.232,4,1.194,2,-1.164
863,1,1,1,0,0,0,4,2,3,0,100,2.5,1,4.5,1000,0.75,10,0.75,1,0,0,4,1.259,1,-2.232,5,2.194,2,-1.164
864,1,1,1,0,0,0,3,2,4,0,1,3.5,100,3.5,100,1.5,1000,1.5,0,1,1,1,-1.741,1,-2.232,3,0.194,3,-0.164
865,1,2,0,1,0,0,1,3,4,1,10,4.5,10,2.25,10,2.5,10,1.5,0,0,0,3,0.259,3,-0.232,5,2.194,3,-0.164
866,1,1,1,0,0,0,2,3,4,0,100,3.5,100,2.5,100,2.5,10,0.75,0,0,0,1,-1.741,3,-0.232,3,0.194,5,1.836
867,1,1,1,0,0,0,3,2,4,1,100,3.5,100,3.5,100,0.75,100,2.25,0,0,0,3,0.259,4,0.768,3,0.194,5,1.836
868,1,3,0,0,1,0,4,1,2,0,1,3,1,4.5,10,0.75,1000,2.5,0,1,0,3,0.259,3,-0.232,4,1.194,5,1.836
869,1,2,0,1,0,0,1,4,3,0,10,3,100,3,1000,2.5,100,0.75,1,0,1,1,-1.741,3,-0.232,1,-1.806,5,1.836
870,1,1,1,0,0,0,2,3,4,1,10,4.5,100,2.25,100,2.25,1000,0.75,0,1,1,2,-0.741,2,-1.232,3,0.194,1,-2.164
871,1,1,1,0,0,0,2,4,3,1,10,3,10,3,1000,0.75,100,2.5,0,1,0,3,0.259,3,-0.232,3,0.194,2,-1.164
872,1,2,0,1,0,0,1,4,3,0,100,4.5,10,2.5,10,2.5,1000,2.25,0,0,0,3,0.259,4,0.768,3,0.194,4,0.836
873,1,1,1,0,0,0,2,3,4,1,100,2.25,100,4.5,100,2.25,10,1.5,0,0,1,3,0.259,3,-0.232,3,0.194,3,-0.164
874,1,4,0,0,0,1,2,1,3,1,100,2.25,1,2.25,1000,0.75,100,1.5,1,0,0,2,-0.741,3,-0.232,3,0.194,3,-0.164
875,1,4,0,0,0,1,1,3,2,0,100,2.5,1,4.5,1000,0.75,10,0.75,1,0,0,3,0.259,4,0.768,1,-1.806,4,0.836
876,1,3,0,0,1,0,1,4,2,0,1,3.5,100,3.5,100,1.5,1000,1.5,0,1,0,2,-0.741,5,1.768,1,-1.806,3,-0.164
877,1,2,0,1,0,0,1,3,4,1,10,4.5,10,2.25,10,2.5,10,1.5,0,0,0,1,-1.741,3,-0.232,3,0.194,4,0.836
878,1,2,0,1,0,0,1,4,3,0,100,3.5,100,2.5,100,2.5,10,0.75,1,1,1,3,0.259,3,-0.232,3,0.194,3,-0.164
879,1,1,1,0,0,0,3,4,2,1,100,3.5,100,3.5,100,0.75,100,2.25,1,0,1,3,0.259,3,-0.232,2,-0.806,3,-0.164
880,1,2,0,1,0,0,4,3,1,0,1,3,1,4.5,10,0.75,1000,2.5,0,1,1,1,-1.741,1,-2.232,4,1.194,4,0.836
881,1,4,0,0,0,1,1,2,3,0,10,3,100,3,1000,2.5,100,0.75,0,0,0,3,0.259,3,-0.232,2,-0.806,4,0.836
882,1,2,0,1,0,0,3,1,4,1,10,4.5,100,2.25,100,2.25,1000,0.75,1,0,0,1,-1.741,3,-0.232,5,2.194,3,-0.164
883,1,2,0,1,0,0,3,4,1,1,10,3,10,3,1000,0.75,100,2.5,1,1,0,1,-1.741,5,1.768,2,-0.806,4,0.836
884,1,2,0,1,0,0,4,1,3,0,100,4.5,10,2.5,10,2.5,1000,2.25,0,1,0,3,0.259,3,-0.232,1,-1.806,3,-0.164
885,1,1,1,0,0,0,3,4,2,1,100,2.25,100,4.5,100,2.25,10,1.5,0,0,0,3,0.259,2,-1.232,1,-1.806,3,-0.164
886,1,1,1,0,0,0,2,4,3,1,100,2.25,1,2.25,1000,0.75,100,1.5,1,0,1,3,0.259,3,-0.232,3,0.194,3,-0.164
887,1,2,0,1,0,0,4,1,3,0,100,2.5,1,4.5,1000,0.75,10,0.75,0,1,0,3,0.259,4,0.768,3,0.194,3,-0.164
888,1,3,0,0,1,0,1,2,4,0,1,3.5,100,3.5,100,1.5,1000,1.5,1,0,0,3,0.259,3,-0.232,3,0.194,5,1.836
889,1,4,0,0,0,1,2,3,1,1,10,4.5,10,2.25,10,2.5,10,1.5,1,0,0,3,0.259,3,-0.232,3,0.194,5,1.836
890,1,1,1,0,0,0,2,4,3,0,100,3.5,100,2.5,100,2.5,10,0.75,1,0,0,3,0.259,5,1.768,1,-1.806,3,-0.164
891,1,2,0,1,0,0,1,4,3,1,100,3.5,100,3.5,100,0.75,100,2.25,0,0,1,3,0.259,3,-0.232,5,2.194,3,-0.164
892,1,1,1,0,0,0,2,4,3,0,1,3,1,4.5,10,0.75,1000,2.5,0,0,0,5,2.259,2,-1.232,5,2.194,3,-0.164
893,1,2,0,1,0,0,1,4,3,0,10,3,100,3,1000,2.5,100,0.75,0,0,1,2,-0.741,5,1.768,2,-0.806,5,1.836
894,1,1,1,0,0,0,2,3,4,1,10,4.5,100,2.25,100,2.25,1000,0.75,0,0,1,3,0.259,1,-2.232,5,2.194,3,-0.164
895,1,2,0,1,0,0,4,1,3,1,10,3,10,3,1000,0.75,100,2.5,0,1,0,1,-1.741,1,-2.232,2,-0.806,5,1.836
896,1,2,0,1,0,0,1,3,4,0,100,4.5,10,2.5,10,2.5,1000,2.25,0,1,1,5,2.259,2,-1.232,4,1.194,2,-1.164
897,1,1,1,0,0,0,4,2,3,1,100,2.25,100,4.5,100,2.25,10,1.5,0,0,0,3,0.259,3,-0.232,3,0.194,3,-0.164
898,1,4,0,0,0,1,2,1,3,1,100,2.25,1,2.25,1000,0.75,100,1.5,0,0,0,2,-0.741,3,-0.232,3,0.194,3,-0.164
899,1,1,1,0,0,0,4,3,2,0,100,2.5,1,4.5,1000,0.75,10,0.75,1,0,1,3,0.259,3,-0.232,5,2.194,1,-2.164
900,1,1,1,0,0,0,2,4,3,0,1,3.5,100,3.5,100,1.5,1000,1.5,0,0,1,2,-0.741,3,-0.232,3,0.194,1,-2.164
901,1,2,0,1,0,0,3,4,1,1,10,4.5,10,2.25,10,2.5,10,1.5,0,1,1,5,2.259,2,-1.232,4,1.194,3,-0.164
902,1,2,0,1,0,0,1,4,3,0,100,3.5,100,2.5,100,2.5,10,0.75,0,0,0,3,0.259,1,-2.232,5,2.194,2,-1.164
903,1,1,1,0,0,0,3,4,2,1,100,3.5,100,3.5,100,0.75,100,2.25,0,0,0,3,0.259,2,-1.232,4,1.194,4,0.836
904,1,1,1,0,0,0,3,4,2,0,1,3,1,4.5,10,0.75,1000,2.5,0,0,0,4,1.259,3,-0.232,2,-0.806,1,-2.164
905,1,2,0,1,0,0,1,4,3,0,10,3,100,3,1000,2.5,100,0.75,0,1,0,1,-1.741,4,0.768,4,1.194,4,0.836
906,1,1,1,0,0,0,2,4,3,1,10,4.5,100,2.25,100,2.25,1000,0.75,1,1,0,3,0.259,4,0.768,3,0.194,5,1.836
907,1,1,1,0,0,0,4,3,2,1,10,3,10,3,1000,0.75,100,2.5,1,1,1,2,-0.741,5,1.768,1,-1.806,3,-0.164
908,1,2,0,1,0,0,4,1,3,0,100,4.5,10,2.5,10,2.5,1000,2.25,0,1,1,5,2.259,1,-2.232,3,0.194,2,-1.164
909,1,3,0,0,1,0,1,4,2,1,100,2.25,100,4.5,100,2.25,10,1.5,0,0,1,3,0.259,1,-2.232,2,-0.806,3,-0.164
910,1,2,0,1,0,0,1,3,4,1,100,2.25,1,2.25,1000,0.75,100,1.5,0,1,1,3,0.259,3,-0.232,4,1.194,5,1.836
911,1,4,0,0,0,1,2,1,3,0,100,2.5,1,4.5,1000,0.75,10,0.75,0,1,1,2,-0.741,4,0.768,2,-0.806,4,0.836
912,1,1,1,0,0,0,3,2,4,0,1,3.5,100,3.5,100,1.5,1000,1.5,0,0,0,3,0.259,4,0.768,1,-1.806,3,-0.164
913,1,2,0,1,0,0,4,1,3,1,10,4.5,10,2.25,10,2.5,10,1.5,0,0,0,3,0.259,1,-2.232,3,0.194,5,1.836
914,1,1,1,0,0,0,2,4,3,0,100,3.5,100,2.5,100,2.5,10,0.75,0,1,0,3,0.259,3,-0.232,3,0.194,3,-0.164
915,1,4,0,0,0,1,3,2,1,1,100,3.5,100,3.5,100,0.75,100,2.25,1,0,1,2,-0.741,5,1.768,2,-0.806,4,0.836
916,1,3,0,0,1,0,1,4,2,0,1,3,1,4.5,10,0.75,1000,2.5,1,0,1,3,0.259,2,-1.232,5,2.194,4,0.836
917,1,2,0,1,0,0,1,3,4,0,10,3,100,3,1000,2.5,100,0.75,0,0,0,4,1.259,5,1.768,3,0.194,4,0.836
918,1,3,0,0,1,0,2,4,1,1,10,4.5,100,2.25,100,2.25,1000,0.75,0,1,1,1,-1.741,3,-0.232,2,-0.806,4,0.836
919,1,1,1,0,0,0,2,4,3,1,10,3,10,3,1000,0.75,100,2.5,0,1,1,3,0.259,1,-2.232,2,-0.806,3,-0.164
920,1,2,0,1,0,0,3,1,4,0,100,4.5,10,2.5,10,2.5,1000,2.25,0,0,1,3,0.259,4,0.768,2,-0.806,3,-0.164
921,1,1,1,0,0,0,2,4,3,1,100,2.25,100,4.5,100,2.25,10,1.5,0,0,0,3,0.259,4,0.768,2,-0.806,4,0.836
922,1,2,0,1,0,0,4,1,3,1,100,2.25,1,2.25,1000,0.75,100,1.5,1,0,0,1,-1.741,3,-0.232,3,0.194,4,0.836
923,1,4,0,0,0,1,2,3,1,0,100,2.5,1,4.5,1000,0.75,10,0.75,1,1,0,4,1.259,5,1.768,1,-1.806,3,-0.164
924,1,3,0,0,1,0,1,4,2,0,1,3.5,100,3.5,100,1.5,1000,1.5,0,0,0,3,0.259,4,0.768,2,-0.806,4,0.836
925,1,3,0,0,1,0,4,2,1,1,10,4.5,10,2.25,10,2.5,10,1.5,0,0,0,3,0.259,4,0.768,1,-1.806,5,1.836
926,1,2,0,1,0,0,3,4,1,0,100,3.5,100,2.5,100,2.5,10,0.75,0,1,0,3,0.259,4,0.768,1,-1.806,2,-1.164
927,1,2,0,1,0,0,3,1,4,1,100,3.5,100,3.5,100,0.75,100,2.25,0,0,0,3,0.259,1,-2.232,3,0.194,3,-0.164
928,1,1,1,0,0,0,2,3,4,0,1,3,1,4.5,10,0.75,1000,2.5,0,0,0,3,0.259,2,-1.232,4,1.194,4,0.836
929,1,2,0,1,0,0,4,1,3,0,10,3,100,3,1000,2.5,100,0.75,0,0,1,1,-1.741,5,1.768,1,-1.806,5,1.836
930,1,2,0,1,0,0,4,3,1,1,10,4.5,100,2.25,100,2.25,1000,0.75,0,0,0,4,1.259,3,-0.232,3,0.194,5,1.836
931,1,1,1,0,0,0,3,2,4,1,10,3,10,3,1000,0.75,100,2.5,1,0,0,1,-1.741,3,-0.232,1,-1.806,5,1.836
932,1,2,0,1,0,0,1,3,4,0,100,4.5,10,2.5,10,2.5,1000,2.25,0,1,1,3,0.259,4,0.768,3,0.194,1,-2.164
933,1,4,0,0,0,1,1,2,3,1,100,2.25,100,4.5,100,2.25,10,1.5,0,0,0,1,-1.741,5,1.768,1,-1.806,5,1.836
934,1,2,0,1,0,0,1,4,3,1,100,2.25,1,2.25,1000,0.75,100,1.5,0,0,0,3,0.259,1,-2.232,3,0.194,5,1.836
935,1,4,0,0,0,1,2,1,3,0,100,2.5,1,4.5,1000,0.75,10,0.75,0,0,1,5,2.259,2,-1.232,5,2.194,5,1.836
936,1,3,0,0,1,0,1,2,4,0,1,3.5,100,3.5,100,1.5,1000,1.5,0,0,1,1,-1.741,3,-0.232,3,0.194,2,-1.164
937,1,3,0,0,1,0,4,1,2,1,10,4.5,10,2.25,10,2.5,10,1.5,1,1,0,1,-1.741,5,1.768,1,-1.806,4,0.836
938,1,4,0,0,0,1,1,2,3,0,100,3.5,100,2.5,100,2.5,10,0.75,0,0,1,2,-0.741,3,-0.232,3,0.194,3,-0.164
939,1,3,0,0,1,0,2,1,4,1,100,3.5,100,3.5,100,0.75,100,2.25,0,1,1,5,2.259,5,1.768,3,0.194,1,-2.164
940,1,3,0,0,1,0,2,4,1,0,1,3,1,4.5,10,0.75,1000,2.5,1,1,0,1,-1.741,5,1.768,1,-1.806,2,-1.164
941,1,2,0,1,0,0,1,3,4,0,10,3,100,3,1000,2.5,100,0.75,0,0,0,4,1.259,2,-1.232,5,2.194,3,-0.164
942,1,2,0,1,0,0,3,1,4,1,10,4.5,100,2.25,100,2.25,1000,0.75,0,0,0,3,0.259,2,-1.232,3,0.194,3,-0.164
943,1,1,1,0,0,0,2,4,3,1,10,3,10,3,1000,0.75,100,2.5,0,0,0,4,1.259,3,-0.232,2,-0.806,3,-0.164
944,1,2,0,1,0,0,1,3,4,0,100,4.5,10,2.5,10,2.5,1000,2.25,0,0,1,3,0.259,5,1.768,4,1.194,3,-0.164
945,1,3,0,0,1,0,4,2,1,1,100,2.25,100,4.5,100,2.25,10,1.5,0,0,0,1,-1.741,4,0.768,2,-0.806,3,-0.164
946,1,1,1,0,0,0,2,4,3,1,100,2.25,1,2.25,1000,0.75,100,1.5,0,0,0,4,1.259,5,1.768,3,0.194,3,-0.164
947,1,2,0,1,0,0,1,4,3,0,100,2.5,1,4.5,1000,0.75,10,0.75,1,0,0,1,-1.741,5,1.768,2,-0.806,4,0.836
948,1,1,1,0,0,0,2,4,3,0,1,3.5,100,3.5,100,1.5,1000,1.5,0,0,0,1,-1.741,3,-0.232,2,-0.806,5,1.836
949,1,3,0,0,1,0,4,1,2,1,10,4.5,10,2.25,10,2.5,10,1.5,0,1,0,1,-1.741,5,1.768,1,-1.806,4,0.836
950,1,3,0,0,1,0,2,4,1,0,100,3.5,100,2.5,100,2.5,10,0.75,1,1,1,1,-1.741,5,1.768,1,-1.806,3,-0.164
951,1,3,0,0,1,0,4,2,1,1,100,3.5,100,3.5,100,0.75,100,2.25,0,1,1,3,0.259,3,-0.232,3,0.194,3,-0.164
952,1,2,0,1,0,0,1,4,3,0,1,3,1,4.5,10,0.75,1000,2.5,0,0,0,2,-0.741,3,-0.232,1,-1.806,3,-0.164
953,1,2,0,1,0,0,1,3,4,0,10,3,100,3,1000,2.5,100,0.75,0,0,1,4,1.259,2,-1.232,4,1.194,3,-0.164
954,1,4,0,0,0,1,2,3,1,1,10,4.5,100,2.25,100,2.25,1000,0.75,1,1,1,2,-0.741,3,-0.232,1,-1.806,5,1.836
955,1,1,1,0,0,0,2,4,3,1,10,3,10,3,1000,0.75,100,2.5,0,1,1,3,0.259,3,-0.232,5,2.194,3,-0.164
956,1,2,0,1,0,0,1,3,4,0,100,4.5,10,2.5,10,2.5,1000,2.25,0,1,0,3,0.259,3,-0.232,3,0.194,3,-0.164
957,1,1,1,0,0,0,4,3,2,1,100,2.25,100,4.5,100,2.25,10,1.5,1,0,1,3,0.259,3,-0.232,1,-1.806,3,-0.164
958,1,2,0,1,0,0,4,1,3,1,100,2.25,1,2.25,1000,0.75,100,1.5,0,0,1,4,1.259,2,-1.232,3,0.194,4,0.836
959,1,4,0,0,0,1,2,1,3,0,100,2.5,1,4.5,1000,0.75,10,0.75,0,1,0,2,-0.741,4,0.768,3,0.194,2,-1.164
960,1,2,0,1,0,0,3,1,4,0,1,3.5,100,3.5,100,1.5,1000,1.5,0,0,0,4,1.259,1,-2.232,4,1.194,1,-2.164
961,1,3,0,0,1,0,2,4,1,1,10,4.5,10,2.25,10,2.5,10,1.5,0,1,0,5,2.259,2,-1.232,3,0.194,3,-0.164
962,1,2,0,1,0,0,4,3,1,0,100,3.5,100,2.5,100,2.5,10,0.75,1,0,1,1,-1.741,3,-0.232,3,0.194,3,-0.164
963,1,2,0,1,0,0,1,4,3,1,100,3.5,100,3.5,100,0.75,100,2.25,1,0,1,3,0.259,1,-2.232,4,1.194,3,-0.164
964,1,1,1,0,0,0,2,3,4,0,1,3,1,4.5,10,0.75,1000,2.5,0,0,0,4,1.259,2,-1.232,5,2.194,5,1.836
965,1,2,0,1,0,0,3,1,4,0,10,3,100,3,1000,2.5,100,0.75,1,0,1,2,-0.741,3,-0.232,3,0.194,3,-0.164
966,1,2,0,1,0,0,3,1,4,1,10,4.5,100,2.25,100,2.25,1000,0.75,0,0,0,4,1.259,4,0.768,3,0.194,2,-1.164
967,1,1,1,0,0,0,2,3,4,1,10,3,10,3,1000,0.75,100,2.5,0,0,0,3,0.259,3,-0.232,3,0.194,4,0.836
968,1,2,0,1,0,0,1,3,4,0,100,4.5,10,2.5,10,2.5,1000,2.25,0,0,0,3,0.259,2,-1.232,4,1.194,3,-0.164
969,1,2,0,1,0,0,4,3,1,1,100,2.25,100,4.5,100,2.25,10,1.5,1,1,0,3,0.259,3,-0.232,1,-1.806,5,1.836
970,1,1,1,0,0,0,3,2,4,1,100,2.25,1,2.25,1000,0.75,100,1.5,0,0,0,3,0.259,3,-0.232,3,0.194,4,0.836
971,1,4,0,0,0,1,1,3,2,0,100,2.5,1,4.5,1000,0.75,10,0.75,1,0,1,2,-0.741,4,0.768,2,-0.806,5,1.836
972,1,1,1,0,0,0,3,4,2,0,1,3.5,100,3.5,100,1.5,1000,1.5,1,1,1,2,-0.741,5,1.768,1,-1.806,3,-0.164
973,1,2,0,1,0,0,3,4,1,1,10,4.5,10,2.25,10,2.5,10,1.5,0,0,0,3,0.259,5,1.768,3,0.194,3,-0.164
974,1,2,0,1,0,0,4,1,3,0,100,3.5,100,2.5,100,2.5,10,0.75,1,0,0,2,-0.741,4,0.768,1,-1.806,4,0.836
975,1,3,0,0,1,0,2,1,4,1,100,3.5,100,3.5,100,0.75,100,2.25,0,1,0,1,-1.741,5,1.768,4,1.194,3,-0.164
976,1,1,1,0,0,0,3,4,2,0,1,3,1,4.5,10,0.75,1000,2.5,1,0,0,2,-0.741,3,-0.232,3,0.194,3,-0.164
977,1,2,0,1,0,0,1,4,3,0,10,3,100,3,1000,2.5,100,0.75,0,0,1,4,1.259,3,-0.232,3,0.194,2,-1.164
978,1,2,0,1,0,0,1,4,3,1,10,4.5,100,2.25,100,2.25,1000,0.75,0,1,1,5,2.259,3,-0.232,2,-0.806,1,-2.164
979,1,1,1,0,0,0,3,2,4,1,10,3,10,3,1000,0.75,100,2.5,0,1,0,2,-0.741,5,1.768,2,-0.806,4,0.836
980,1,2,0,1,0,0,1,4,3,0,100,4.5,10,2.5,10,2.5,1000,2.25,0,1,1,5,2.259,3,-0.232,3,0.194,1,-2.164
981,1,1,1,0,0,0,3,4,2,1,100,2.25,100,4.5,100,2.25,10,1.5,0,1,0,5,2.259,2,-1.232,3,0.194,3,-0.164
982,1,2,0,1,0,0,3,1,4,1,100,2.25,1,2.25,1000,0.75,100,1.5,0,0,1,2,-0.741,5,1.768,3,0.194,4,0.836
983,1,4,0,0,0,1,1,2,3,0,100,2.5,1,4.5,1000,0.75,10,0.75,0,0,1,3,0.259,2,-1.232,3,0.194,4,0.836
984,1,2,0,1,0,0,3,4,1,0,1,3.5,100,3.5,100,1.5,1000,1.5,1,1,1,3,0.259,3,-0.232,3,0.194,5,1.836
985,1,3,0,0,1,0,4,2,1,1,10,4.5,10,2.25,10,2.5,10,1.5,1,1,0,3,0.259,3,-0.232,1,-1.806,4,0.836
986,1,4,0,0,0,1,3,1,2,0,100,3.5,100,2.5,100,2.5,10,0.75,1,0,0,4,1.259,3,-0.232,2,-0.806,4,0.836
987,1,3,0,0,1,0,4,1,2,1,100,3.5,100,3.5,100,0.75,100,2.25,0,0,0,3,0.259,2,-1.232,2,-0.806,3,-0.164
988,1,3,0,0,1,0,1,4,2,0,1,3,1,4.5,10,0.75,1000,2.5,0,1,0,4,1.259,4,0.768,1,-1.806,2,-1.164
989,1,4,0,0,0,1,2,1,3,0,10,3,100,3,1000,2.5,100,0.75,0,0,1,3,0.259,3,-0.232,5,2.194,4,0.836
990,1,2,0,1,0,0,1,4,3,1,10,4.5,100,2.25,100,2.25,1000,0.75,0,0,0,5,2.259,2,-1.232,5,2.194,1,-2.164
991,1,1,1,0,0,0,3,4,2,1,10,3,10,3,1000,0.75,100,2.5,0,1,1,1,-1.741,4,0.768,1,-1.806,4,0.836
992,1,2,0,1,0,0,3,4,1,0,100,4.5,10,2.5,10,2.5,1000,2.25,0,1,0,2,-0.741,5,1.768,2,-0.806,5,1.836
993,1,4,0,0,0,1,3,1,2,1,100,2.25,100,4.5,100,2.25,10,1.5,0,0,1,3,0.259,1,-2.232,3,0.194,2,-1.164
994,1,1,1,0,0,0,2,4,3,1,100,2.25,1,2.25,1000,0.75,100,1.5,0,1,0,2,-0.741,3,-0.232,4,1.194,3,-0.164
995,1,4,0,0,0,1,2,3,1,0,100,2.5,1,4.5,1000,0.75,10,0.75,1,0,0,1,-1.741,5,1.768,2,-0.806,4,0.836
996,1,1,1,0,0,0,2,3,4,0,1,3.5,100,3.5,100,1.5,1000,1.5,1,1,1,4,1.259,3,-0.232,1,-1.806,4,0.836
997,1,4,0,0,0,1,1,2,3,1,10,4.5,10,2.25,10,2.5,10,1.5,0,0,0,1,-1.741,2,-1.232,5,2.194,3,-0.164
998,1,1,1,0,0,0,4,2,3,0,100,3.5,100,2.5,100,2.5,10,0.75,1,1,0,3,0.259,4,0.768,5,2.194,1,-2.164
999,1,2,0,1,0,0,4,3,1,1,100,3.5,100,3.5,100,0.75,100,2.25,0,1,0,4,1.259,3,-0.232,2,-0.806,3,-0.164
1000,1,3,0,0,1,0,2,4,1,0,1,3,1,4.5,10,0.75,1000,2.5,1,1,0,1,-1.741,5,1.768,1,-1.806,5,1.836
